회사명,종목코드,업종,주요제품
미래에셋대우스팩1호,265480,금융지원 서비스업,기업인수합병
엔에이치스팩10호,256630,금융지원 서비스업,기업인수합병
한화에이스스팩3호,264290,금융지원 서비스업,기업인수합병
하나머티리얼즈,166090,반도체 제조업,"실리콘부품, 세라믹부품, 특수가스"
와이엠티,251370,기초화학물질 제조업,"PCB, 반도체 및 디스플레이 제조용 화학소재 등"
케이비제11호스팩,258790,금융지원 서비스업,기업인수 및 합병
AP시스템,265520,특수 목적용 기계 제조업,디스플레이 제조 장비
신영스팩3호,263770,금융지원 서비스업,기업인수
이엘피,063760,"측정, 시험, 항해, 제어 및 기타 정밀기기 제조업; 광학기기 제외",OLED 패널검사기 등
유비쿼스,264450,통신 및 방송 장비 제조업,"스위치, FTTH"
서진시스템,178320,통신 및 방송 장비 제조업,"통신장비부품,휴대폰부품(메탈케이스 등)"
코미코,183300,특수 목적용 기계 제조업,반도체 부품 세정 및 코팅
아스타,246720,의료용품 및 기타 의약관련제품 제조업,MALDI-TOF 질량분석기 기반 진단시스템
대신밸런스제4호스팩,262830,금융지원 서비스업,기업인수 및 합병
에스디생명공학,217480,기타 화학제품 제조업,"마스크팩, 기초화장품"
신신제약,002800,의약품 제조업,파스류 (신신파스 아렉스 등)
에프엔에스테크,083500,특수 목적용 기계 제조업,"OLED, LCD 제조 공정 장비"
모바일어플라이언스,087260,소프트웨어 개발 및 공급업,"블랙박스, 내비게이션, HUD, ADAS"
신한제3호스팩,257730,금융지원 서비스업,기업인수합병
피씨엘,241820,의료용품 및 기타 의약관련제품 제조업,"다중 체외진단 제품, 플랫폼서비스"
서플러스글로벌,140070,기계장비 및 관련 물품 도매업,"반도체 제조용 장비, 유휴기계설비 도소매"
유바이오로직스,206650,자연과학 및 공학 연구개발업,"경구용 콜레라 백신, 바이오의약품 수탁 연구 및 제조"
엔에이치스팩11호,256840,금융지원 서비스업,기업인수합병
퓨전데이타,195440,소프트웨어 개발 및 공급업,가상화솔루션 등
DSC인베스트먼트,241520,투자기관,투자조합 결성 및 투자
티에스인베스트먼트,246690,투자기관,투자조합 결성 및 투자
마이크로프랜드,147760,"측정, 시험, 항해, 제어 및 기타 정밀기기 제조업; 광학기기 제외",반도체 검사용 프로브카드
현성바이탈,204990,기타 식품 제조업,"건강식품, 수소수기 등"
애니젠,196300,기초 의약물질 및 생물학적 제제 제조업,펩타이드 바이오소재 및 아미노산 펩타이드 신약
유니온커뮤니티,203450,통신 및 방송 장비 제조업,지문인식출입통제기
신라젠,215600,자연과학 및 공학 연구개발업,펙사벡(바이러스 항암면역치료제)
IBKS제5호스팩,254120,금융지원 서비스업,기업인수합병
오션브릿지,241790,기타 화학제품 제조업,"반도체 케미칼(HCDS, Ticl4 외), 반도체 장비"
퓨쳐켐,220100,의약품 제조업,"PET 방사성의약품, 자동합성장치, 합성시약 및 전구체"
뉴파워프라즈마,144960,특수 목적용 기계 제조업,플라즈마 세정기(Remote Plasma Cleaning Generator)
엘앤케이바이오,156100,의료용 기기 제조업,척추 임플란트
에이치엔티,176440,전자부품 제조업,휴대폰 카메라 모듈
핸디소프트,220180,소프트웨어 개발 및 공급업,"EKP, BPM, 네트워크장비"
SK3호스팩,232330,금융지원 서비스업,기업인수합병
클리오,237880,기타 화학제품 제조업,"색조화장품, 기초화장품"
오가닉티코스메틱,900300,"회사본부, 지주회사 및 경영컨설팅 서비스업","유아용 화장품(클렌징, 여름용, 피부케어, 기능성 화장품)"
로고스바이오,238120,"안경, 사진장비 및 기타 광학기기 제조업","자동세포카운팅시스템, 생체조직투명화시스템, 디지털세포이미징시스템"
IBKS지엠비스팩,252500,금융지원 서비스업,기업인수 및 합병
인크로스,216050,광고업,미디어렙서비스
에이치엘사이언스,239610,기타 식품 제조업,건강기능식품 등
코스메카코리아,241710,기타 화학제품 제조업,"화장품 OEM, ODM"
GRT,900290,"회사본부, 지주회사 및 경영컨설팅 서비스업","광학필름, 포장필름"
골든센츄리,900280,"회사본부, 지주회사 및 경영컨설팅 서비스업",트랙터용 휠 및 타이어
인텔리안테크,189300,통신 및 방송 장비 제조업,"해상용 위성통신 안테나, 해상용 위성방송 수신안테나"
에이치시티,072990,기타 과학기술 서비스업,기술검사서비스
잉글우드랩,950140,"회사본부, 지주회사 및 경영컨설팅 서비스업",기초화장품(화장품 제조)
앤디포스,238090,플라스틱제품 제조업,"TSP용 양면 테이프, 윈도우 필름"
수산아이앤티,050960,소프트웨어 개발 및 공급업,"공유단말접속관리서비스, 보안솔루션 등"
미투온,201490,소프트웨어 개발 및 공급업,소셜 카지노 게임
케이비제10호스팩,250930,금융지원 서비스업,기업인수합병
유니테크노,241690,자동차 부품 제조업,자동차 엔진파워트레인/모터 부품 제조 및 조립
모비스,250060,"컴퓨터 프로그래밍, 시스템 통합 및 관리업",기업인수합병
교보비엔케이스팩,242040,금융지원 서비스업,기업인수합병
자이글,234920,가정용 기기 제조업,적외선 가열 조리기
헝셩그룹,900270,"회사본부, 지주회사 및 경영컨설팅 서비스업",자회사 제품 : 아동용 완구 및 아동복 등
에코마케팅,230360,광고업,"온라인, 모바일 광고 종합대행업"
팍스넷,038160,기타 정보 서비스업,"금융솔루션, 증권정보, 광고"
엔지스테크널러지,208860,소프트웨어 개발 및 공급업,"Nav-Link 솔루션, BringGo 어플리케이션 등"
우리손에프앤지,073560,축산업,"양돈업, 도축업"
옵토팩,123010,전자부품 제조업,이미지센서 패키징
장원테크,174880,통신 및 방송 장비 제조업,스마트폰 및 태블릿PC Bracket
대유위니아,071460,가정용 기기 제조업,"김치냉장고(스탠드형, 뚜껑형), 에어컨, 프리미엄 냉장고 등"
바이오리더스,142760,자연과학 및 공학 연구개발업,"자궁경부상피이형증 치료제, 자궁경부전암 치료백신"
피앤씨테크,237750,"전동기, 발전기 및 전기 변환 · 공급 · 제어 장치 제조업",배전자동화단말장치
로스웰,900260,"회사본부, 지주회사 및 경영컨설팅 서비스업","CAN Control Gateway, CAN기능모듈, BCM 차체제어모듈"
녹십자랩셀,144510,"그외 기타 전문, 과학 및 기술 서비스업","세포치료제, 검체검사서비스, 제대혈은행"
에스티팜,237690,의약품 제조업,원료의약품
알엔투테크놀로지,148250,전자부품 제조업,"이동통신부품(커플러), 의료기기용기판, 파우더"
한국4호스팩,240540,금융지원 서비스업,기업인수합병
미래에셋제5호스팩,239340,금융지원 서비스업,기업인수합병
휴온스,243070,의약품 제조업,"전문의약품, 일반의약품"
원익IPS,240810,특수 목적용 기계 제조업,반도체 제조용 기계
레이언스,228850,의료용 기기 제조업,"TFT Detector, CMOS Detector, I/O Sensor"
씨엠에스에듀,225330,일반 교습 학원,융합사고력 프로그램
동양파일,228340,"시멘트, 석회, 플라스터 및 그 제품 제조업",PHC파일
팬젠,222110,의약품 제조업,"바이오시밀러 의약품 개발, 바이오의약품 개발 기술이전 서비스 등"
AP위성,211270,통신 및 방송 장비 제조업,위성통신 단말기
하이에이아이1호스팩,235010,금융지원 서비스업,기업 인수 및 합병
솔트웍스,230980,소프트웨어 개발 및 공급업,기업인수 및 합병
케이비제9호스팩,232270,금융지원 서비스업,기업인수
큐리언트,115180,자연과학 및 공학 연구개발업,저분자 혁신신약
안트로젠,065660,기초 의약물질 및 생물학적 제제 제조업,줄기세포치료제
슈프리마,236200,통신 및 방송 장비 제조업,바이오인식 관련 제품
아이엠텍,226350,전자부품 제조업,휴대폰용 안테나 및 카메라모듈
유니트론텍,142210,기계장비 및 관련 물품 도매업,"메모리, 비메모리반도체"
크리스탈신소재,900250,"회사본부, 지주회사 및 경영컨설팅 서비스업","합성운모 플레이크, 파우더, 테이프"
한솔씨앤피,221610,기타 화학제품 제조업,모바일 코팅제(도료)
에스와이패널,109610,"구조용 금속제품, 탱크 및 증기발생기 제조업",샌드위치 패널
코디엠,224060,특수 목적용 기계 제조업,"반도체 및 평판디스플레이 제조용 장비(IRIS, LOZIX, HP/CP)"
와이아이케이,232140,특수 목적용 기계 제조업,메모리 웨이퍼 테스터
육일씨엔에쓰,191410,전자부품 제조업,IT 용 Cover Glass
이에스브이,223310,소프트웨어 개발 및 공급업,"블랙박스, 내비게이션, 로봇청소기, 드론"
휴젤,145020,기초 의약물질 및 생물학적 제제 제조업,"보툴리눔톡신, 필러"
한국맥널티,222980,기타 식품 제조업,커피 및 의약품
덱스터,206560,"영화, 비디오물, 방송프로그램 제작 및 배급업","시각효과(Visual Effect, VFX)"
아진산업,013310,자동차 부품 제조업,자동차 차체 부품
강스템바이오텍,217730,기초 의약물질 및 생물학적 제제 제조업,줄기세포치료제
씨트리,047920,자연과학 및 공학 연구개발업,"씨트리시메티딘정, 로자틴정"
동부제4호스팩,230490,금융지원 서비스업,기업인수합병
메가엠디,133750,일반 교습 학원,"의학, 치의학, 법학 전문대학원, 약학대학 입학시험 대비 강의"
보광산업,225530,토사석 광업,"콘크리트용 부순골재, 아스콘, 레미콘"
파크시스템스,140860,"측정, 시험, 항해, 제어 및 기타 정밀기기 제조업; 광학기기 제외",연구용 및 산업용 원자현미경
뉴트리바이오텍,222040,기타 식품 제조업,건강기능식품
예스티,122640,특수 목적용 기계 제조업,반도체 및 디스플레이 제조 장비
하나금융7호SPAC,230240,금융지원 서비스업,기업인수합병
멕아이씨에스,058110,의료용 기기 제조업,인공호흡기
엔에스,217820,특수 목적용 기계 제조업,2차전지 자동화 설비
미래테크놀로지,213090,소프트웨어 개발 및 공급업,OTP
하이즈항공,221840,"항공기,우주선 및 부품 제조업",B787 날개구조물 등
리드,197210,특수 목적용 기계 제조업,"LCD 장비(In-Line System, TCU, TRU)"
엠지메드,180400,기타 과학기술 서비스업,BAC DNA CHIP
매직마이크로,127160,전자부품 제조업,"LED 리드프레임, LED PKG"
케이디켐,221980,기타 화학제품 제조업,PVC 안정제
골든브릿지제4호스팩,227950,금융지원 서비스업,기업인수 및 합병
네오오토,212560,자동차 부품 제조업,"피니언 기어, 디프 어셈블리, 대형기어"
케어젠,214370,기초 의약물질 및 생물학적 제제 제조업,"성장인자, 바이오미메틱펩타이드 기반 안면, 두피, 바디 코스메슈티컬 제품"
아이진,185490,자연과학 및 공학 연구개발업,"당뇨성망막병증 치료제, 욕창치료제, 자궁경부암 예방 백신 등"
나무가,190510,전자부품 제조업,"스마트폰 카메라모듈, 노트북 카메라모듈"
유앤아이,056090,의료용 기기 제조업,정형외과용 신체보정용 의료기기
에이치엠씨3호스팩,226340,금융지원 서비스업,기업인수합병
더블유게임즈,192080,소프트웨어 개발 및 공급업,온라인·모바일 게임(더블유카지노)
연우,115960,플라스틱제품 제조업,화장품 용기
키움스팩4호,226850,금융지원 서비스업,기업인수합병
에이티젠,182400,기초 의약물질 및 생물학적 제제 제조업,"연구용 시약, NK Vue KIT"
엑시콘,092870,특수 목적용 기계 제조업,반도체 검사장비
케이비드림4호스팩,226360,금융지원 서비스업,기업인수합병
이베스트스팩3호,225440,기타 금융업,
에치디프로,214870,통신 및 방송 장비 제조업,CCTV 카메라
IBKS제3호스팩,225430,금융지원 서비스업,금융지원 서비스
동부스팩3호,226440,금융지원 서비스업,기업인수합병
신영스팩2호,225590,금융지원 서비스업,기업인수합병
엔에이치스팩9호,225570,금융지원 서비스업,기업인수합병
제너셈,217190,특수 목적용 기계 제조업,반도체 후공정 장비
타이거일렉,219130,전자부품 제조업,인쇄회로기판 제조업
인포마크,175140,통신 및 방송 장비 제조업,"웨어러블 디바이스, 모바일 라우터"
유진스팩3호,221200,금융지원 서비스업,기업인수합병
쿠첸,225650,가정용 기기 제조업,전기밥솥
씨아이에스,222080,특수 목적용 기계 제조업,2차전지 제조설비
해마로푸드서비스,220630,음·식료품 및 담배 도매업,"햄버거, 치킨, 식음료유통"
교보5호스팩,223040,금융지원 서비스업,기업인수합병
에이텍티앤,224110,통신 및 방송 장비 제조업,교통카드단말기
웹스,196700,합성고무 및 플라스틱 물질 제조업,"기능성 컴파운드, 건축외장자재"
케이비드림3호스팩,221950,금융지원 서비스업,기업인수목적
파인텍,131760,전자부품 제조업,휴대기기용 BLU(Back Light Unit)
닉스테크,222810,소프트웨어 개발 및 공급업,보안솔루션 개발 외
심텍,222800,전자부품 제조업,반도체용 인쇄회로기판
흥국에프엔비,189980,비알콜음료 및 얼음 제조업,"과일음료(에이드베이스, 스무디, 착즙쥬스 등)"
쎄노텍,222420,기타 비금속 광물제품 제조업,세라믹 비드
칩스앤미디어,094360,소프트웨어 개발 및 공급업,비디오 IP
케이비제8호스팩,222390,금융지원 서비스업,해당사항 없음
아시아경제,127710,"자료처리, 호스팅, 포털 및 기타 인터넷 정보매개서비스업",광고 및 콘텐츠
아이쓰리시스템,214430,전자부품 제조업,"적외선 영상센서, 엑스레이 영상센서"
로지시스,067730,"컴퓨터 프로그래밍, 시스템 통합 및 관리업","전산장비 판매 및 유지보수, VAN기기 대행관리"
케이프이에스스팩,220260,금융지원 서비스업,기업인수 및 합병
파마리서치프로덕트,214450,가정용품 도매업,재생의약품
펩트론,087010,기초 의약물질 및 생물학적 제제 제조업,약효지속성 의약품 및 펩타이드 소재
한강인터트레이드,219550,가정용품 도매업,기업인수합병
한화에이스스팩2호,219860,금융지원 서비스업,기업인수합병
유안타제2호스팩,219960,금융지원 서비스업,기업인수합병
키움스팩3호,218710,금융지원 서비스업,기업인수합병
골든브릿지제3호스팩,219580,금융지원 서비스업,기업인수합병
동운아나텍,094170,반도체 제조업,아날로그 반도체
민앤지,214180,기타 정보 서비스업,휴대폰부가서비스
엔에이치스팩8호,218410,금융지원 서비스업,기업인수합병
유테크,178780,전자부품 제조업,"도광판, 몰드프레임"
에스엔텍,160600,특수 목적용 기계 제조업,"진공합착기, NPS"
켐온,217600,자연과학 및 공학 연구개발업,비임상연구시험대행
코아스템,166480,의약품 제조업,줄기세포 치료제
세미콘라이트,214310,반도체 제조업,LED Chip
베셀,177350,특수 목적용 기계 제조업,디스플레이 제조장비
넵튠,217270,소프트웨어 개발 및 공급업,기업인수합병
하나머스트5호스팩,218150,금융지원 서비스업,기업인수합병
싸이맥스,160980,특수 목적용 기계 제조업,"웨이퍼 이송장치(Cluster Tool, EFEM, LPM 등)"
하이제3호스팩,217500,금융지원 서비스업,기업인수합병
엔에이치스팩7호,217810,금융지원 서비스업,
픽셀플러스,087600,전자부품 제조업,CMOS 이미지센서 및 칩셋
한화ACPC스팩,217620,금융지원 서비스업,기업인수합병
제노포커스,187420,기초 의약물질 및 생물학적 제제 제조업,산업용 효소
미래에셋제3호스팩,215750,금융지원 서비스업,기업인수합병
대우스팩3호,215580,금융지원 서비스업,기업인수및합병
우정비에스씨,215380,자연과학 및 공학 연구개발업,기업인수합병
토박스코리아,215480,"섬유, 의복, 신발 및 가죽제품 소매업",미니멜리사 등
이노인스트루먼트,215790,통신 및 방송 장비 제조업,기업 인수 합병
우리산업,215360,자동차 부품 제조업,ACTUATOR 등
메가스터디교육,215200,일반 교습 학원,"오프라인 학원, 온라인 강의"
유진에이씨피씨스팩2호,215090,금융지원 서비스업,기업인수합병
하나머스트4호스팩,215100,금융지원 서비스업,기업인수합병
디알텍,214680,의료용 기기 제조업,X-ray Detector
유지인트,195990,특수 목적용 기계 제조업,소형 머시닝센터
골프존,215000,소프트웨어 개발 및 공급업,골프시뮬레이터
케이티비스팩2호,214150,금융지원 서비스업,기업인수
SK1호스팩,207930,금융지원 서비스업,기업인수합병
퓨쳐스트림네트웍스,214270,소프트웨어 개발 및 공급업,기업인수합병
포시에스,189690,소프트웨어 개발 및 공급업,기업용 리포팅 소프트웨어 솔루션(OZ-Report 등)
덕산네오룩스,213420,전자부품 제조업,"HTL(정공수송층), HIL(정공주입층), RED HOST"
골든브릿지제2호스팩,206660,금융지원 서비스업,기업인수합병
국일신동,060480,1차 비철금속 제조업,황동봉
바디텍메드,206640,의료용품 및 기타 의약관련제품 제조업,기업인수합병
썸에이지,208640,소프트웨어 개발 및 공급업,기업인수합병
와이제이엠게임즈,193250,전자부품 제조업,휴대폰용 진동모터
화이브라더스코리아,204630,창작 및 예술관련 서비스업,매니지먼트 및 드라마 영화제작업
하이셈,200470,"그외 기타 전문, 과학 및 기술 서비스업",메모리 반도체 테스트
휴메딕스,200670,의약품 제조업,"히알루론산 관절염치료제, 히알루론산 더말필러"
바이오로그디바이스,208710,전자부품 제조업,모바일용 카메라모듈 부품외
서전기전,189860,"전동기, 발전기 및 전기 변환 · 공급 · 제어 장치 제조업",수배전반
아스트,067390,"항공기,우주선 및 부품 제조업",항공기용 부품 제조 및 동체 조립
오킨스전자,080580,전자부품 제조업,반도체 검사용 소켓
지란지교시큐리티,208350,소프트웨어 개발 및 공급업,기업인수합병
하나머스트3호스팩,208870,금융지원 서비스업,기업인수합병
NEW,160550,"영화, 비디오물, 방송프로그램 제작 및 배급업",영화 투자 및 배급
아이티센,124500,"컴퓨터 프로그래밍, 시스템 통합 및 관리업",시스템통합 및 IT서비스
녹십자엠에스,142280,의료용품 및 기타 의약관련제품 제조업,"혈액백, 진단시약, 혈액투석액"
디티앤씨,187220,기타 과학기술 서비스업,전기전자규격 인증서비스
셀바스헬스케어,208370,의료용 기기 제조업,"체성분측정기, 혈압계, 점자정보단말기"
엔에이치SL스팩,207720,금융지원 서비스업,기업 인수 합병
정다운,208140,"도축, 육류 가공 및 저장 처리업",기업 인수 및 합병
하이로닉,149980,의료용 기기 제조업,피부미용 의료기기
랩지노믹스,084650,자연과학 및 공학 연구개발업,체외진단 서비스 및 제품
에이디테크놀로지,200710,반도체 제조업,주문형 반도체
비씨월드제약,200780,의약품 제조업,"마취통증약, 순환계약, 항생제, 기타처방약"
미스터블루,207760,기타 정보 서비스업,"온라인 만화 콘텐츠 서비스 및 제공, 만화 출판"
알테오젠,196170,자연과학 및 공학 연구개발업,바이오시밀러 및 바이오베터
엔터메이트,206400,소프트웨어 개발 및 공급업,"웹게임, 모바일게임"
SKC코오롱PI,178920,플라스틱제품 제조업,PI필름
대창스틸,140520,1차 철강 제조업,"냉연강판, 이중바닥재"
에프엔씨엔터,173940,오디오물 출판 및 원판 녹음업,"콘서트, 음반/음원"
하이제2호스팩,205470,금융지원 서비스업,기업인수합병
케이티비스팩1호,204650,금융지원 서비스업,기업인수
텔콘,200230,통신 및 방송 장비 제조업,"RF 통신부품(케이블 어셈블리, 커넥터 등)"
파티게임즈,194510,소프트웨어 개발 및 공급업,모바일 게임
지엘팜텍,204840,자연과학 및 공학 연구개발업,의약품 연구개발업
디에이테크놀로지,196490,특수 목적용 기계 제조업,2차전지설비
유안타제1호스팩,204620,금융지원 서비스업,기업인수합병
액션스퀘어,205500,소프트웨어 개발 및 공급업,모바일게임
현대에이블스팩1호,204760,금융지원 서비스업,기업인수합병
엑셈,205100,소프트웨어 개발 및 공급업,"DB, E2E 성능관리 SW"
테고사이언스,191420,기초 의약물질 및 생물학적 제제 제조업,피부세포치료제
슈피겐코리아,192440,그외 기타 제품 제조업,"핸드폰 케이스, 액정보호필름"
테라셈,182690,반도체 제조업,이미지센서 패키징
영우디에스피,143540,특수 목적용 기계 제조업,OLED/LCD 디스플레이 검사장비
대우스팩2호,204440,금융지원 서비스업,기업인수합병
드림시큐리티,203650,소프트웨어 개발 및 공급업,솔루션
메디아나,041920,의료용 기기 제조업,"환자감시장치, 자동심장 제세동기(AED)"
데브시스터즈,194480,소프트웨어 개발 및 공급업,모바일 게임(쿠키런)
프로스테믹스,203690,기초 의약물질 및 생물학적 제제 제조업,화장품
감마누,192410,통신 및 방송 장비 제조업,기지국 안테나 및 인빌딩 안테나
고려시멘트,198440,"시멘트, 석회, 플라스터 및 그 제품 제조업",기업인수합병
신화콘텍,187270,"전동기, 발전기 및 전기 변환 · 공급 · 제어 장치 제조업","커넥터(정보통신기기용, 디스플레이용, HDD용 등)"
파버나인,177830,전자부품 제조업,"알루미늄 소재 TV 외관재(프레임, 스탠드)"
덕신하우징,090410,"구조용 금속제품, 탱크 및 증기발생기 제조업",일체형 데크플레이트 등
창해에탄올,004650,알콜음료 제조업,"주정(발효주정, 정제주정) 등"
윈하이텍,192390,"구조용 금속제품, 탱크 및 증기발생기 제조업",데크 플레이트(건설용거푸집)
아진엑스텍,059120,반도체 제조업,"전자집적회로, 모션제어칩"
콜마비앤에이치,200130,기초 의약물질 및 생물학적 제제 제조업,기업인수합병
트루윈,105550,전자부품 제조업,"자동차용 센서(APS, TPS, IAPS, SLS)"
우성아이비,194610,그외 기타 제품 제조업,경기 레저용 물놀이 기구
온다 엔터테인먼트,196450,"안경, 사진장비 및 기타 광학기기 제조업",휴대폰용 카메라 렌즈모듈 제조
캐스텍코리아,071850,자동차 부품 제조업,자동차용 터보차저 부품
나노,187790,기초화학물질 제조업,세라믹스제품
케이사인,192250,소프트웨어 개발 및 공급업,
오이솔루션,138080,통신 및 방송 장비 제조업,광트랜시버
인터파크,108790,무점포 소매업,"온라인쇼핑, 도서, ENT(공연티켓 등), 투어"
한국정보인증,053300,소프트웨어 개발 및 공급업,"공인인증서, PKI솔루션 등"
솔루에타,154040,전자부품 제조업,전자파 차폐소재
이지웰페어,090850,소프트웨어 개발 및 공급업,선택적복리후생서비스
SGA솔루션즈,184230,소프트웨어 개발 및 공급업,보안솔루션
기가레인,049080,특수 목적용 기계 제조업,RF통신부품 및 반도체 장비
인트로메딕,150840,의료용 기기 제조업,"캡슐내시경, 일회용 연성내시경"
알티캐스트,085810,소프트웨어 개발 및 공급업,"디지털 방송용 소프트웨어(셋톱박스용 미들웨어 등), CAS(수신제한시스템)"
현대공업,170030,자동차 부품 제조업,"시트패드, 암레스트, 헤드레스트"
엔브이에이치코리아,067570,자동차 부품 제조업,"헤드라이너, NVH부품"
디엠티,134580,통신 및 방송 장비 제조업,셋톱박스
큐브엔터,182360,오디오물 출판 및 원판 녹음업,"음반음원, 콘서트, 아티스트매니지먼트"
라이온켐텍,171120,기타 화학제품 제조업,"합성왁스, 인조대리석"
램테크놀러지,171010,기초화학물질 제조업,"AMOLED 마스크 세정액, 반도체 식각액, 반도체 박리액"
미동앤씨네마,161570,영상 및 음향기기 제조업,"차량용 블랙박스, 차량운행보조시스템"
에이씨티,138360,기타 화학제품 제조업,기능성 화장품 원료
해성옵틱스,076610,"안경, 사진장비 및 기타 광학기기 제조업",휴대폰용 렌즈모듈 및 카메라모듈
내츄럴엔도텍,168330,자연과학 및 공학 연구개발업,"백수오 여성호르몬제, 백수오등복합추출물(원료)"
테스나,131970,"그외 기타 전문, 과학 및 기술 서비스업",반도체 테스트
파수닷컴,150900,소프트웨어 개발 및 공급업,기업용 문서보안 솔루션
엘티씨,170920,기초화학물질 제조업,FPD(LCD/OLED) 및 반도체용 박리액
지엔씨에너지,119850,"전동기, 발전기 및 전기 변환 · 공급 · 제어 장치 제조업","비상발전기, 소형열병합발전설비, 바이오가스발전설비"
아미코젠,092040,기타 식품 제조업,제약용 특수효소 및 효소기반 바이오신소재
GH신소재,130500,기타 섬유제품 제조업,"자동차용 부직포, 폴리우레탄 폼"
파이오링크,170790,통신 및 방송 장비 제조업,"ADC(서버부하 분산장치), 보안스위치, 웹방화벽"
KG ETS,151860,폐기물 처리업,"집단에너지(스팀), 산화동, 폐기물 소각"
나스미디어,089600,광고업,광고매체 판매
엑세스바이오,950130,의료용품 및 기타 의약관련제품 제조업,"말라리아 진단키트(RDT), HIV 진단키트(RDT)"
레고켐바이오,141080,자연과학 및 공학 연구개발업,신약후보물질 발굴을 통한 License-Out
인터불스,158310,특수 목적용 기계 제조업,"FPCB 공정 자동화 장비(가이드홀펀처, 비젼프레스, 커버레이가접기 등)"
윈팩,097800,반도체 제조업,반도체 패키징 및 테스트
코렌텍,104540,의료용 기기 제조업,"인공고관절, 인공슬관절 등"
제로투세븐,159580,가정용품 도매업,유아동복 및 용품
지디,155960,전자부품 제조업,디스플레이 패널 식각 서비스
아이원스,114810,특수 목적용 기계 제조업,"반도체 장비 부품 제조 및 세정, LCD 장비 부품 제조"
우리이앤엘,153490,반도체 제조업,LED 패키지
아이센스,099190,의료용 기기 제조업,"혈당측정스트립, 혈당측정기기 등"
포티스,141020,무점포 소매업,셋톱박스
스킨앤스킨,159910,기초화학물질 제조업,"화장품제조,OLED발광소재, OLED승화정제장비"
SBI액시즈,950110,소프트웨어 개발 및 공급업,전자결제대행서비스(PG서비스)
우리로,046970,통신 및 방송 장비 제조업,"광분배기(웨이퍼, 칩, 모듈), 광다이오드"
디젠스,113810,자동차 부품 제조업,자동차용 소음기(머플러)
맥스로텍,141070,특수 목적용 기계 제조업,갠트리로봇 공장자동화시스템
와이엠씨,155650,전자부품 제조업,"FPD 패널용 Target, Backing Plate 등"
아바텍,149950,전자부품 제조업,"Glass Slimming & ITO코팅 제품, PDP필터"
코이즈,121850,플라스틱제품 제조업,"보호필름, 도광판, 백코팅"
모다,149940,통신 및 방송 장비 제조업,무선 데이터 통신 단말기
나노스,151910,"안경, 사진장비 및 기타 광학기기 제조업","Blue Filter, IR Filter, Camera Module"
엠씨넥스,097520,영상 및 음향기기 제조업,휴대폰용자동차용 카메라모듈
네이블커뮤니케이션즈,153460,소프트웨어 개발 및 공급업,"유무선융합 인프라, 클라이언트 및 All-IP 통신보안"
디지탈옵틱,106520,"안경, 사진장비 및 기타 광학기기 제조업",휴대폰 및 차량용 카메라렌즈
피엔티,137400,특수 목적용 기계 제조업,2차전지 및 전자소재용 Roll-to-Roll 장비
비아트론,141000,특수 목적용 기계 제조업,AMOLED 등 제조장비
빛샘전자,072950,전자부품 제조업,"전광판용 LED 모듈, LED 전광판, 광접속함체"
사람인에이치알,143240,"자료처리, 호스팅, 포털 및 기타 인터넷 정보매개서비스업","온라인 채용광고(취업포털), 인재파견, 취업지원 등"
뉴로스,126870,일반 목적용 기계 제조업,터보블로워
제룡산업,147830,"구조용 금속제품, 탱크 및 증기발생기 제조업",송배전 금구류 및 합성수지 제품
남화토건,091590,건물 건설업,"건축공사, 토목공사"
메지온,140410,자연과학 및 공학 연구개발업,"발기부전증치료제, 전립선비대증치료제"
원익머트리얼즈,104830,기초화학물질 제조업,"저메인가스,디실란,아산화질소,암모니아 등"
디엔에이링크,127120,자연과학 및 공학 연구개발업,"유전체분석(EGIS), 개인유전체분석(DNAGPS)"
나이스디앤비,130580,기타 사업지원 서비스업,기업신용조사 보고서
시큐브,131090,소프트웨어 개발 및 공급업,"시스템보안관리솔루션, 정보유출방지솔루션"
서암기계공업,100660,일반 목적용 기계 제조업,"공작기계부품(정밀기어,척),산업기계 제조부동산 임대"
씨유메디칼,115480,의료용 기기 제조업,심장제세동기
사파이어테크놀로지,123260,반도체 제조업,사파이어 잉곳
넥스트리밍,139670,소프트웨어 개발 및 공급업,"NexMFW, NexPlayer EMB"
비덴트,121800,통신 및 방송 장비 제조업,방송용 LCD모니터
에스에프씨,112240,플라스틱제품 제조업,"태양광 모듈용 백시트, 라미네이팅 필름"
신진에스엠,138070,기타 금속가공제품 제조업,표준 플레이트
이엠넷,123570,광고업,온라인 검색광고 대행
와이지엔터테인먼트,122870,오디오물 출판 및 원판 녹음업,"음악 및 기타 오디오물 출판, 신인 아티스트 육성 및 매니지먼트"
쎄미시스코,136510,특수 목적용 기계 제조업,"EGIS(유리기판 검사장비), Smart-EPD 및 Smart-HMS(플라즈마 검사장비)"
에이티세미콘,089530,반도체 제조업,반도체 테스트
테크윙,089030,특수 목적용 기계 제조업,"반도체테스트핸들러,C.O.K(Change Over Kit)"
씨큐브,101240,기초화학물질 제조업,진주광택안료
에스엠코어,007820,일반 목적용 기계 제조업,"자동화물류서비스, 자동화공정설비"
씨엔플러스,115530,전자부품 제조업,커넥터
테라세미콘,123100,특수 목적용 기계 제조업,반도체 및 AMOLED 제조용 열처리장비
케이맥,043290,특수 목적용 기계 제조업,"FPD, 반도체 공정용 검사장비 및 바이오/의료진단기기, Lab용 분석기기"
로보스타,090360,특수 목적용 기계 제조업,"제조용 로봇, FPD 장비, IT부품 제조장비"
대한과학,131220,기계장비 및 관련 물품 도매업,"의료, 정밀 및 연구실험기기 제조 및 유통"
피앤이솔루션,131390,"전동기, 발전기 및 전기 변환 · 공급 · 제어 장치 제조업","2차전지 공정용 장비, 산업용 정류기"
아이디스,143160,통신 및 방송 장비 제조업,"영상보안장치(DVR,NVR,IP-Camera 등)"
화진,134780,자동차 부품 제조업,"우드그레인, IPE"
제이씨케미칼,137950,기타 화학제품 제조업,"바이오디젤, 글리세린 등"
아이씨디,040910,특수 목적용 기계 제조업,"건식세정기,LCD,반도체 장비,광정보통신 부품,장비 제조,연구개발,용역 서비스,수출입"
제닉,123330,기타 화학제품 제조업,"하이드로겔 마스크 팩, 기타화장품"
아이지스시스템,139050,"컴퓨터 프로그래밍, 시스템 통합 및 관리업","용역서비스(ITS,BIS,ATMS,BRT)"
상아프론테크,089980,플라스틱제품 제조업,"LCD 부품, 사무기기 부품, PCB 부품, 2차전지 부품"
나이벡,138610,의료용품 및 기타 의약관련제품 제조업,"치아미백제,치과용 골이식재"
옵티시스,109080,통신 및 방송 장비 제조업,광링크 모듈 등
대양전기공업,108380,선박 및 보트 건조업,"해상용 조명등기구, (함정용)전자시스템, 배전반류 등"
서연탑메탈,019770,특수 목적용 기계 제조업,자동차금형.건설중장비 부품
넥스트아이,137940,"측정, 시험, 항해, 제어 및 기타 정밀기기 제조업; 광학기기 제외","LCD 편광필름 검사장비, BLU 검사장비 등"
리켐,131100,기초화학물질 제조업,"이차전지 전해액 소재, LCD 공정용 에천트 소재"
완리,900180,"회사본부, 지주회사 및 경영컨설팅 서비스업",외벽타일
엘아이에스,138690,특수 목적용 기계 제조업,"LGP Engraving M/C, Cell Sealing M/C"
KMH,122450,텔레비전 방송업,방송채널사업 및 방송송출서비스
골프존뉴딘,121440,"회사본부, 지주회사 및 경영컨설팅 서비스업",골프시뮬레이터
윈스,136540,"컴퓨터 프로그래밍, 시스템 통합 및 관리업","네크워크보안장비(IPS, 안티 DDoS)"
하림,136480,"도축, 육류 가공 및 저장 처리업","육계, 육계가공식품"
이퓨쳐,134060,"서적, 잡지 및 기타 인쇄물 출판업",Smart Phonics 등(외국어 어학교재)
티케이케미칼,104480,화학섬유 제조업,"수지, 폴리에스터, 스판덱스"
부스타,008470,"구조용 금속제품, 탱크 및 증기발생기 제조업","관류보일러,진공온수보일러,무압온수보일러,난방기 제조,판매"
나노신소재,121600,기타 화학제품 제조업,"인듐계 산화물 TCO Target, 반도체 CMP Slurry 등"
케이아이엔엑스,093320,"자료처리, 호스팅, 포털 및 기타 인터넷 정보매개서비스업",인터넷연동서비스 등
티피씨글로벌,130740,자동차 부품 제조업,"정밀인발강관, 정밀강관, Water pipe, Filler Neck 등"
딜리,131180,컴퓨터 및 주변장치 제조업,디지털 UV 프린터
엘비세미콘,061970,반도체 제조업,"골드범핑, 솔더범핑 등"
제이엔케이히터,126880,일반 목적용 기계 제조업,산업용가열로
블루콤,033560,영상 및 음향기기 제조업,"마이크로스피커, 블루투스헤드셋, Linear 진동모터"
인트론바이오,048530,기초 의약물질 및 생물학적 제제 제조업,"바이오신약, 핵산검사제, 동물용 항생제 대체재"
다나와,119860,소프트웨어 개발 및 공급업,"인터넷쇼핑몰 가격비교서비스, 온라인광고"
씨그널엔터테인먼트그룹,099830,"영화, 비디오물, 방송프로그램 제작 및 배급업",엔터테인먼트
알서포트,131370,소프트웨어 개발 및 공급업,"원격지원,제어 솔루션"
인텍플러스,064290,특수 목적용 기계 제조업,"LED 외관검사장비, 반도체 외관검사장비, 태양전지 외관검사장비등"
티에스이,131290,"측정, 시험, 항해, 제어 및 기타 정밀기기 제조업; 광학기기 제외","Probe Card, Test Interface Board, LED Test Equipment"
액트,131400,전자부품 제조업,연성회로기판
대정화금,120240,기초화학물질 제조업,"시약, 원료의약품"
피제이메탈,128660,1차 비철금속 제조업,"탈산제, 조재제"
디에이치피코리아,131030,의약품 제조업,티어린프리점안액
제이스테판,096690,컴퓨터 및 주변장치 제조업,"POS프린터, Mobile프린터, Label프린터"
티비씨,033830,텔레비전 방송업,"텔레비젼 방송,문화서비스,광고/출판,음반 제작,도매"
시그네틱스,033170,반도체 제조업,반도체 패키징
썬텍,122800,금속 주조업,열간 압연롤
한국전자인증,041460,소프트웨어 개발 및 공급업,"개인용이메일 보안,인증업무,전자상거래관련 인증서비스/기업용 인증솔루션 제공"
디케이락,105740,일반 목적용 기계 제조업,"DK-Lok 피팅, D-Pro 밸브"
코프라,126600,합성고무 및 플라스틱 물질 제조업,엔지니어링 플라스틱 칩
선데이토즈,123420,소프트웨어 개발 및 공급업,"애니팡, 애니팡 사천성, 아쿠아스토리 등"
삼본정밀전자,111870,영상 및 음향기기 제조업,"이어폰,헤드폰,키패드"
아나패스,123860,반도체 제조업,Timing Controller(TCON)
KNN,058400,텔레비전 방송업,방송프로그램 제작 및 송출
누리플랜,069140,"구조용 금속제품, 탱크 및 증기발생기 제조업","경관조명, 경관시설"
아이텍반도체,119830,"그외 기타 전문, 과학 및 기술 서비스업",비메모리 반도체 테스트
인화정공,101930,선박 및 보트 건조업,선박엔진부품
코렌,078650,"안경, 사진장비 및 기타 광학기기 제조업",카메라폰용 렌즈
아이씨케이,068940,전자부품 제조업,신용카드 및 전자화폐 등
CJ E&M,130960,텔레비전 방송업,방송게임영화음악
한일진공,123840,특수 목적용 기계 제조업,진공장비
알파홀딩스,117670,반도체 제조업,시스템 반도체 개발
포메탈,119500,기타 금속가공제품 제조업,"자동차,풍력,방위산업,산업기계,농기계등의 단조부품"
다원시스,068240,"전동기, 발전기 및 전기 변환 · 공급 · 제어 장치 제조업","핵융합 전원장치, 플라즈마 전원장치, 태양광 CVD 전원장치, 산업용 특수정류기"
씨젠,096530,의료용품 및 기타 의약관련제품 제조업,"호흡기성 병원체 검사제품, 성감염증원인균 검사제품"
와이솔,122990,전자부품 제조업,"SAW Filter, Wafer Chip, Duplexer"
하이비젼시스템,126700,"안경, 사진장비 및 기타 광학기기 제조업",카메라모듈 제조검사용 장비
화신정공,126640,자동차 부품 제조업,자동차부품
코리아에프티,123410,자동차 부품 제조업,"캐니스터,플라스틱필러넥,의장부품"
엠에스오토텍,123040,자동차 부품 제조업,자동차 차체 부품
이글루시큐리티,067920,소프트웨어 개발 및 공급업,"통합보안관리솔루션, 보안관제서비스"
인터로조,119610,"안경, 사진장비 및 기타 광학기기 제조업","콘텍트렌즈(소프트렌즈, 원데이렌즈, 하드렌즈 등)"
하이텍팜,106190,기초 의약물질 및 생물학적 제제 제조업,주사제용 무균 원료의약품(Sterile Imipenem 외)
웨이포트,900130,"회사본부, 지주회사 및 경영컨설팅 서비스업","제초기류,톱류,전동공구류,원림청소기류"
크루셜텍,114120,전자부품 제조업,"옵티컬트랙패드, LED플래시모듈, PL Lens"
에스디시스템,121890,전자부품 제조업,"요금징수시스템, 지능형교통시스템,하이패스단말기"
알톤스포츠,123750,그외 기타 운송장비 제조업,"운송장비,부품,자전거외"
유비벨록스,089850,소프트웨어 개발 및 공급업,"모바일플랫폼 및 모바일솔루션, 스마트카드 등"
처음앤씨,111820,기타 정보 서비스업,"B2B 전자결제, B2B 공동구매"
오르비텍,046120,기타 과학기술 서비스업,"방사선안전관리, 항공기 정밀부품 제조 등"
한솔시큐어,070300,소프트웨어 개발 및 공급업,"USIM카드, 금융카드"
실리콘웍스,108320,반도체 제조업,"LDI, T-Con, PMIC, EPD-IC 등"
투비소프트,079970,소프트웨어 개발 및 공급업,"MiPlatform, X Platform"
인피니트헬스케어,071200,소프트웨어 개발 및 공급업,의료영상저장전송시스템(PACS)
모바일리더,100030,소프트웨어 개발 및 공급업,"Sync 솔루션, 멀티미디어 솔루션"
서진오토모티브,122690,자동차 부품 제조업,"Clutch,Flywheel,Driveplate,Bearing,ATparts"
이스트아시아홀딩스,900110,"회사본부, 지주회사 및 경영컨설팅 서비스업","스포츠화, 스포츠의류"
뉴프라이드,900100,자동차 부품 및 내장품 판매업,인터모달 신생 및 재생타이어
케이씨에스,115500,"컴퓨터 프로그래밍, 시스템 통합 및 관리업",컴퓨터시스템 통합 구축 및 철도 도로 교통인프라
씨케이에이치,900120,"회사본부, 지주회사 및 경영컨설팅 서비스업",건강보조식품
지트리비앤티,115450,전자부품 제조업,"임베디드 GUI 미들웨어 FXUI-2D, FXUI-3D"
삼기오토모티브,122350,자동차 부품 제조업,자동차부품
이미지스,115610,반도체 제조업,"터치스크린칩, 햅틱칩"
알비케이이엠디,106080,전자부품 제조업,휴대폰 카메라용 Auto Focus Actuator
인포바인,115310,전기통신업,"휴대폰인증서보관서비스(UBIKey), 유선전화결제서비스(Vinepay)"
차이나하오란,900090,"회사본부, 지주회사 및 경영컨설팅 서비스업",코팅백판지
모베이스,101330,통신 및 방송 장비 제조업,휴대전화 케이스
지스마트글로벌,114570,반도체 제조업,CMOS 이미지센서
스타플렉스,115570,플라스틱제품 제조업,"광고용 플렉스(조명용, 비조명용)"
우리넷,115440,통신 및 방송 장비 제조업,"광전송장비(MSPP), 교환장비(AGW)"
아세아텍,050860,특수 목적용 기계 제조업,"농기계(관리기,SS기, 이앙기) 제조"
우노앤컴퍼니,114630,화학섬유 제조업,"PVC가발사, 난연고열사"
코디,080530,기타 화학제품 제조업,"LCD 검사부품(프로브유니트), LED 검사부품(프로브카드)"
글로벌에스엠,900070,"회사본부, 지주회사 및 경영컨설팅 서비스업","자회사 제품 : IT기기용 정밀 화스너부품(스크류, 샤프트, 스프링)"
ITX엠투엠,099520,영상 및 음향기기 제조업,"DVR,유선통신기기 제조,무역/소프트웨어 자문,연구개발,기술용역"
KPX생명과학,114450,기초 의약물질 및 생물학적 제제 제조업,의약품 중간체 등
동양피엔에프,104460,일반 목적용 기계 제조업,뉴메틱 컨베잉 시스템(분체이송시스템)
멜파스,096640,전자부품 제조업,"터치센서 칩, 터치스크린 모듈, 터치키 모듈 제조"
위메이드,112040,소프트웨어 개발 및 공급업,미르의전설2
셀바스AI,108860,소프트웨어 개발 및 공급업,"필기 인식, 전자 사전, 모바일 OCR 소프트웨어 등"
에스앤씨엔진그룹,900080,"회사본부, 지주회사 및 경영컨설팅 서비스업","오토바이, 제초기, 자동차기어"
이원컴포텍,088290,자동차 부품 제조업,에어서스펜션 시트/일반고정형 시트/스프링서스펜션 시트
웰크론강원,114190,"구조용 금속제품, 탱크 및 증기발생기 제조업",플랜트설비(산업용 보일러)
휴맥스,115160,영상 및 음향기기 제조업,셋톱박스
에이프로젠 H&G,109960,통신 및 방송 장비 제조업,"차량용블루투스핸즈프리스피커폰, 가로동/보안등 어시스템, 모바일게임 퍼블리싱, 바이오의약품 연구개발업 및 판매, 생산설비 및 연구장비의 대여 및 판매"
동방선기,099410,선박 및 보트 건조업,선박용 배관 등
디엠씨,101000,특수 목적용 기계 제조업,"선박용 크레인,선박구성부품,선박의장품,철구조물 제조/철판 도매/부동산 임대"
진매트릭스,109820,자연과학 및 공학 연구개발업,"B형간염치료제 내성진단,C형간염바이러스 유전형진단, 자궁경부암유발바이러스 유전형진단"
비츠로셀,082920,일차전지 및 축전지 제조업,리튬1차전지
스틸플라워,087220,1차 철강 제조업,후육강관
한스바이오메드,042520,의료용품 및 기타 의약관련제품 제조업,"인체이식용조직(인조피부,인조뼈),의료용시술재료(가슴보형물)"
NHN벅스,104200,기타 정보 서비스업,"디지털음원유통, 온라인음악서비스"
아이앤씨,052860,반도체 제조업,지상파 DMB용 수신칩(모바일 TV용 SoC)
케이엔더블유,105330,플라스틱제품 제조업,"Blanket, DOF, 보호필름"
디에스케이,109740,특수 목적용 기계 제조업,"FPD용 PCB Bonding System, In-line System, Linear Motion System 등"
제넥신,095700,자연과학 및 공학 연구개발업,항체융합단백질 치료제 및 유전자치료 백신개발
톱텍,108230,특수 목적용 기계 제조업,평판디스플레이 제조용 자동화설비
동국S&C,100130,"구조용 금속제품, 탱크 및 증기발생기 제조업",Wind-Tower
에스앤더블류,103230,일반 목적용 기계 제조업,"디젤엔진부품, 산업부품, 단조품"
게임빌,063080,소프트웨어 개발 및 공급업,모바일게임
동일금속,109860,금속 주조업,"크롤러크레인용 트랙슈 어셈블리, 굴삭기용 아이들러 트랙슈 스프링 등"
어보브반도체,102120,반도체 제조업,"반도체,전자제품,마이크로컨트롤라"
조이맥스,101730,소프트웨어 개발 및 공급업,"실크로드 온라인, 로스트사가"
차이나그레이트,900040,"회사본부, 지주회사 및 경영컨설팅 서비스업",스포츠화 및 의류
이엔에프테크놀로지,102710,기타 화학제품 제조업,LCD/반도체용 케미칼
스맥,099440,특수 목적용 기계 제조업,공작기계 및 산업용로봇제조
해덕파워웨이,102210,선박 및 보트 건조업,선박방향타
SDN,099220,기계장비 및 관련 물품 도매업,"태양광기자재 및 선박용엔진 도매, 태양광발전시스템 구축 및 설계"
한국정밀기계,101680,특수 목적용 기계 제조업,"금속절삭가공기계(수치제어식 수평보링머신,오면가공기,수직선반,플로우보링머신),산업기계(전용기,공작기계부품) 제조,판매"
흥국,010240,특수 목적용 기계 제조업,굴삭기 Roller 및 형단조품
한솔신텍,099660,"구조용 금속제품, 탱크 및 증기발생기 제조업",산업용 보일러
우림기계,101170,일반 목적용 기계 제조업,"트랜스미션,감속기,기어전동축 제조"
티플랙스,081150,기타 금속가공제품 제조업,"스텐레스봉,판(열간제품) 제조,도매"
세한엔에스브이,095300,일반 목적용 기계 제조업,밸브
에스티오,098660,봉제의복 제조업,"셔츠,자켓/바지, 타이"
에이테크솔루션,071670,특수 목적용 기계 제조업,"대형정밀금형(가전,자동차용 등)"
에스앤에스텍,101490,전자부품 제조업,블랭크마스크
뷰웍스,100120,의료용 기기 제조업,X-Ray Detector
코오롱생명과학,102940,기초 의약물질 및 생물학적 제제 제조업,"항균제, 수처리제, 원료의약 등"
네오피델리티,101400,반도체 제조업,디지털오디오앰프칩
파인테크닉스,106240,통신 및 방송 장비 제조업,"휴대폰부품, 소형LCD부품, LED조명기기"
이수앱지스,086890,의료용품 및 기타 의약관련제품 제조업,"항체치료제,효소치료제"
대성파인텍,104040,자동차 부품 제조업,"자동차부품(시트,도어) 제조"
유비쿼스홀딩스,078070,통신 및 방송 장비 제조업,"소프트웨어 개발,정보처리유선,무선통신기기,부품,컴퓨터 도소매,제조"
메디톡스,086900,기초 의약물질 및 생물학적 제제 제조업,"의약품원료(A형,B형 보툴리늄독소 단백질치료제) 제조,연구,개발"
엠게임,058630,소프트웨어 개발 및 공급업,"온라인 게임 개발 및 퍼블리싱(열혈강호온라인,홀릭2,영웅)"
아이컴포넌트,059100,전자부품 제조업,액정평판디스플레이용 플라스틱 박판필름 제조업
에이치엘비생명과학,067630,"건축기술, 엔지니어링 및 관련기술 서비스업","ESCO 사업, 신재생에너지 사업"
이크레더블,092130,기타 정보 서비스업,"전자신용인증서비스(정보),소프트웨어 개발"
SIMPAC Metal,090730,1차 철강 제조업,합금철
세운메디칼,100700,의료용품 및 기타 의약관련제품 제조업,"의료용구(체액배출기,도뇨관) 제조,도매,수출입"
마이크로컨텍솔,098120,전자부품 제조업,"BGA IC Burn-In Socket,DRAM Module Socket"
KJ프리텍,083470,플라스틱제품 제조업,"소형 BLU, 정밀 플라스틱 제품"
삼강엠앤티,100090,1차 철강 제조업,"후육강관제조업,조선블록제조업"
아이엠,101390,전자부품 제조업,DVD용광픽업등
웰크론한텍,076080,특수 목적용 기계 제조업,"에너지절감설비,자동화배합설비,환경설비"
코리아에스이,101670,"구조용 금속제품, 탱크 및 증기발생기 제조업","영구앵커,교량용케이블,타이케이블"
슈프리마에이치큐,094840,통신 및 방송 장비 제조업,지문인식솔루션및시스템
서울옥션,063170,상품 중개업,미술품경매
이스트소프트,047560,소프트웨어 개발 및 공급업,"온라인게임(카발온라인),알툴즈S/W,스토리지S/W"
청담러닝,096240,일반 교습 학원,청담어학원
월덱스,101160,전자부품 제조업,반도체용링및전극
쎄트렉아이,099320,"항공기,우주선 및 부품 제조업","소형인공위성,지상시스템"
브리지텍,064480,소프트웨어 개발 및 공급업,"컨택센터솔루션,BcN솔루션,ASP서비스사업"
고영,098460,특수 목적용 기계 제조업,전자제품및반도체생산용 3차원 납도포검사장비
조이시티,067000,소프트웨어 개발 및 공급업,온라인게임(프리스타일농구)
우진비앤지,018620,의약품 제조업,"슈퍼티아,안티펜SM"
테스,095610,특수 목적용 기계 제조업,반도체장비(화학증착장비)
예스24,053280,무점포 소매업,"도서,음반/DVD,화장품"
엘디티,096870,반도체 제조업,"OLED구동IC,LED구동IC,LCD구동IC"
메타바이오메드,059210,의료용품 및 기타 의약관련제품 제조업,"생체분해성봉합사,근관충전재"
효성오앤비,097870,비료 및 질소화합물 제조업,"혼합유박비료,유기복합비료,혼합유기질비료"
네패스신소재,087730,합성고무 및 플라스틱 물질 제조업,반도체용EMC(EpoxyMoldingCompound)
텔레필드,091440,통신 및 방송 장비 제조업,광전송장비
이트론,096040,컴퓨터 및 주변장치 제조업,컴퓨터 및 주변장치 제조
에스맥,097780,통신 및 방송 장비 제조업,휴대폰용키모듈
에스코넥,096630,통신 및 방송 장비 제조업,WaferProber
일신바이오,068330,일반 목적용 기계 제조업,초저온냉동고및동결건조기
서원인텍,093920,통신 및 방송 장비 제조업,휴대폰용키패드및부자재
이씨에스,067010,"컴퓨터 프로그래밍, 시스템 통합 및 관리업","컨택센터용교환시스템,업무용교환시스템"
대창솔루션,096350,"구조용 금속제품, 탱크 및 증기발생기 제조업",내연기관구조재(선박엔진용MBS)
아이에스이커머스,069920,무점포 소매업,"해외, 국내 상품 소싱 및 판매대행 서비스"
알에프세미,096610,반도체 제조업,"마이크로폰용ECMChip,RFFilter"
디엔에프,092070,기타 화학제품 제조업,반도체배선박막재료(알루미늄전구체)
일진파워,094820,전기 및 통신 공사업,"열교환기,압력용기"
비엠티,086670,일반 목적용 기계 제조업,"정밀계장용피팅및밸브류,전원분배장치(MCPD)"
이엘케이,094190,전자부품 제조업,터치패널모듈
이엠코리아,095190,특수 목적용 기계 제조업,CNC공작기계등
현우산업,092300,전자부품 제조업,인쇄회로판(PCB)
다믈멀티미디어,093640,반도체 제조업,멀티미디어반도체
에스에너지,095910,"전동기, 발전기 및 전기 변환 · 공급 · 제어 장치 제조업","태양광발전시스템,태양전지모듈"
성우전자,081580,통신 및 방송 장비 제조업,휴대폰금속프레스부품(전자파차단ShieldCan)
엘엠에스,073110,"안경, 사진장비 및 기타 광학기기 제조업",프리즘시트
제이엠티,094970,전자부품 제조업,LCD패널용PBA
오디텍,080520,반도체 제조업,"광반도체,소자및모듈"
ISC,095340,전자부품 제조업,반도체테스트소켓
네오티스,085910,자동차 부품 제조업,"마이크로비트,샤프트"
미래나노텍,095500,플라스틱제품 제조업,LCDBLU용광학필름
상보,027580,전자부품 제조업,"광학필름,윈도우필름,미디어필름"
바이오톡스텍,086040,자연과학 및 공학 연구개발업,"안전성평가,유효성평가"
연이정보통신,090740,전자부품 제조업,"LCD,PDP및단말기용PBA"
옴니시스템,057540,"측정, 시험, 항해, 제어 및 기타 정밀기기 제조업; 광학기기 제외","전자식전력량계,설비미터,원격검침시스템"
푸른기술,094940,컴퓨터 및 주변장치 제조업,"금융자동화기기모듈,역무자동화기기모듈,특수단말시스템"
웨이브일렉트로,095270,통신 및 방송 장비 제조업,이동통신중계기용전력증폭기
빅솔론,093190,컴퓨터 및 주변장치 제조업,"POS용프린터,프린팅메카니즘"
한솔넥스지,081970,소프트웨어 개발 및 공급업,"보안관제서비스,인터넷정보보안제품"
S&K폴리텍,091340,전자부품 제조업,고밀도폴리우레탄폼시트
네오디안테크놀로지,072770,"컴퓨터 프로그래밍, 시스템 통합 및 관리업",무선인터넷플랫폼
갤럭시아컴즈,094480,소프트웨어 개발 및 공급업,전자결제
에코프로,086520,기타 화학제품 제조업,"환경소재,화학필터,이차전지소재등"
MP그룹,065150,음·식료품 및 담배 도매업,외식 프랜차이즈사업 및 식자재 유통
컴투스,078340,소프트웨어 개발 및 공급업,모바일게임
네오위즈,095660,소프트웨어 개발 및 공급업,"피망,스페셜포스"
넥스트칩,092600,반도체 제조업,영상처리용 시스템반도체
엔텔스,069410,소프트웨어 개발 및 공급업,운용지원솔루션
풍강,093380,기타 금속가공제품 제조업,자동차용너트류
동국제약,086450,의약품 제조업,"인사돌,복합마데카솔,파미레이"
케이프,064820,선박 및 보트 건조업,선박엔진용실린더라이너
상신이디피,091580,일차전지 및 축전지 제조업,2차전지부품
한라IMS,092460,선박 및 보트 건조업,"선용원격자동측정시스템,선용원격자동경보시스템"
에프알텍,073540,통신 및 방송 장비 제조업,이동통신용중계기
이엠텍,091120,전자부품 제조업,"마이크로스피커,리시버"
참좋은레져,094850,여행사 및 기타 여행보조 서비스업,"고급자전거,자전거용품및부품"
코닉글로리,094860,소프트웨어 개발 및 공급업,네트워크장비공급및인터넷트래픽솔루션
이베스트투자증권,078020,금융지원 서비스업,유가증권위탁매매
매커스,093520,기계장비 및 관련 물품 도매업,자일링스(Xilinx)비메모리반도체(PLDchip)유통
오스템임플란트,048260,의료용 기기 제조업,치과용임플란트
나노캠텍,091970,플라스틱제품 제조업,투명전도성관련제품
네오팜,092730,기타 화학제품 제조업,생체기능성(아토피)보습제
비에이치,090460,전자부품 제조업,연성인쇄회로기판(FPCB)
오스코텍,039200,의약품 제조업,"뼈이식재,건강식품소재"
켐트로닉스,089010,기타 화학제품 제조업,"Touch IC 및 PBA, TG, EMC"
제이스텍,090470,특수 목적용 기계 제조업,기계장비(디스플레이장비)
동아엘텍,088130,특수 목적용 기계 제조업,LCD검사장비
휴온스글로벌,084110,"회사본부, 지주회사 및 경영컨설팅 서비스업","비만치료제,국소마취제등"
케이씨티,089150,"컴퓨터 프로그래밍, 시스템 통합 및 관리업","금융단말시스템,복표발매기,마권발매기"
파트론,091700,전자부품 제조업,이동통신안테나및유전체필터류등
디에스티로봇,090710,특수 목적용 기계 제조업,제조업용로봇및서비스로봇
유니테스트,086390,특수 목적용 기계 제조업,"반도체메모리주검사장비생산(메모리컴포넌트테스터,메모리모듈테스트)"
에스에이티,060540,"측정, 시험, 항해, 제어 및 기타 정밀기기 제조업; 광학기기 제외","이동통신중계기용부품(제어기,광모듈,RF필터)"
큐에스아이,066310,반도체 제조업,레이저다이오드(LaserDiode)
멀티캠퍼스,067280,기타 교육기관,e-Learning서비스
화신테크,086250,특수 목적용 기계 제조업,자동차용프레스금형
고려반도체,089890,특수 목적용 기계 제조업,반도체SolderBall부착장비등
성창오토텍,080470,자동차 부품 제조업,"차량용에어컨필터,차량용공기청정기등"
넥스턴,089140,특수 목적용 기계 제조업,CNC자동선반
제이티,089790,특수 목적용 기계 제조업,반도체장비(Burn-in Sorter 등)
광진윈텍,090150,자동차 부품 제조업,시트히터
이녹스,088390,전자부품 제조업,"FPCB소재,반도체PKG소재,디스플레이소재,OLED소재"
THE E&M,089230,기타 정보 서비스업,무계목 강관 외
바텍,043150,의료용 기기 제조업,"치과용디지털X-ray기기(파노라마,CT)"
MDS테크,086960,소프트웨어 개발 및 공급업,"임베디드개발솔루션,임베디드소프트웨어"
루멘스,038060,반도체 제조업,LED개발 및 제조
CSA 코스믹,083660,플라스틱제품 제조업,"물탱크,상하수도용도류벽,축산탱크"
티엘아이,062860,반도체 제조업,LCDTV및모니터용TimingController
한국전자금융,063570,기타 사업지원 서비스업,"ATM관리사업,CD-VAN사업"
쇼박스,086980,"영화, 비디오물, 방송프로그램 제작 및 배급업",영화투자및배급
팬엔터테인먼트,068050,"영화, 비디오물, 방송프로그램 제작 및 배급업","방송영상물,음반"
루트로닉,085370,의료용 기기 제조업,의료용레이저기기
인포뱅크,039290,기타 정보 서비스업,"모바일메시징서비스,휴대폰단말기용S/W개발용역"
아이오케이,078860,소프트웨어 개발 및 공급업,LBS/Telematics솔루션및서비스
동우팜투테이블,088910,"도축, 육류 가공 및 저장 처리업","육계,삼계"
제이브이엠,054950,일반 목적용 기계 제조업,전자동정제분류포장시스템
팅크웨어,084730,통신 및 방송 장비 제조업,"내비게이션,블랙박스,태블릿 및 위치정보서비스"
진바이오텍,086060,동물용 사료 및 조제식품 제조업,"펩소이젠(식물성단백질),바이오스타치(가공전분),나투포멘(친환경생균제),락토케어(항생제대체형미생물제제)등"
정산애강,022220,플라스틱제품 제조업,"PB파이프,PB연결구"
에이스테크,088800,통신 및 방송 장비 제조업,"단말기용안테나,기지국용안테나"
셀트리온제약,068760,의약품 제조업,무선인터넷서비스및플랫폼
GST,083450,특수 목적용 기계 제조업,"GasScrubber,Chiller"
에너토크,019990,일반 목적용 기계 제조업,전동액츄에이터
제우스,079370,특수 목적용 기계 제조업,LCD제조용장비
한일네트웍스,046110,"자료처리, 호스팅, 포털 및 기타 인터넷 정보매개서비스업",서비스ASP
뉴프렉스,085670,전자부품 제조업,연성인쇄회로기판
유진테크,084370,특수 목적용 기계 제조업,실리콘질화막증착용LP-CVD
크리스탈,083790,자연과학 및 공학 연구개발업,신개념항생제(전임상)
바이로메드,084990,자연과학 및 공학 연구개발업,"기술이전수입,연구용시료"
바이오니아,064550,의료용품 및 기타 의약관련제품 제조업,"합성유전자,시약및유전자분석장비"
인콘,083640,통신 및 방송 장비 제조업,DVR(DigitalVideoRecoder)
차바이오텍,085660,기초 의약물질 및 생물학적 제제 제조업,"세포치료제 개발, 제대혈 보관 등"
대봉엘에스,078140,의약품 제조업,"원료의약품,화장품원료"
와이엔텍,067900,폐기물 처리업,"사업장폐기물중간및최종처리,전문건설,골재제조"
케이엠,083550,기타 섬유제품 제조업,클린룸용Wiper
수성,084180,일반 목적용 기계 제조업,전동지게차
한국코퍼레이션,050540,기타 사업지원 서비스업,"CRM서비스,CRM솔루션"
모다이노칩,080420,전자부품 제조업,"ESD필터,칩바리스터"
비에이치아이,083650,일반 목적용 기계 제조업,"보일러,열교환기등"
EMW,079190,통신 및 방송 장비 제조업,휴대폰안테나
동부라이텍,045890,전구 및 조명장치 제조업,"CNC전용장비,LightPanel"
루미마이크로,082800,반도체 제조업,백색발광다이오드(LED)
자연과환경,043910,환경 정화 및 복원업,"스테인레스파이프, 다공성식생블록,조경원예자재"
와토스코리아,079000,플라스틱제품 제조업,위생도기용부속(양변기용)
인프라웨어,041020,소프트웨어 개발 및 공급업,임베디드브라우저(WAP브라우저)
두올산업,078590,자동차 부품 제조업,자동차내장카페트
서린바이오,038070,기타 전문 도매업,생명과학연구기기및시약
가비아,079940,소프트웨어 개발 및 공급업,"도메인,호스팅"
덕산하이메탈,077360,반도체 제조업,솔더볼(Solderball)
아바코,083930,특수 목적용 기계 제조업,평판디스플레이제조용장비
하나마이크론,067310,반도체 제조업,"반도체패키징,USB플래쉬드라이브"
삼우엠스,082660,통신 및 방송 장비 제조업,휴대폰케이스
엘오티베큠,083310,특수 목적용 기계 제조업,반도체제조용진공펌프
이상네트웍스,080010,상품 중개업,기업간전자상거래서비스
아리온,058220,통신 및 방송 장비 제조업,디지털셋톱박스
메디포스트,078160,기초 의약물질 및 생물학적 제제 제조업,제대혈은행
우리이티아이,082850,전구 및 조명장치 제조업,"LCD광원부품(CCFL,EEFL)"
모두투어,080160,여행사 및 기타 여행보조 서비스업,"항공권판매수수료,해외여행알선"
셀트리온,068270,기초 의약물질 및 생물학적 제제 제조업,"단백질 의약품의 연구, 개발 및 제조"
가온미디어,078890,통신 및 방송 장비 제조업,디지털셋톱박스
쏠리드,050890,통신 및 방송 장비 제조업,"이동통신중계기,위성DMB용중계기"
옵트론텍,082210,"안경, 사진장비 및 기타 광학기기 제조업","IRFilter,Grating"
젬백스,082270,특수 목적용 기계 제조업,"ChemicalAirFilter,GasScrubber"
플랜티넷,075130,"컴퓨터 프로그래밍, 시스템 통합 및 관리업",유해사이트차단서비스
에스제이케이,080440,자동차 부품 제조업,"자동차부품, 키보드 등"
이노와이어리스,073490,통신 및 방송 장비 제조업,통신용 시험 및 계측장비
인베니아,079950,특수 목적용 기계 제조업,"Dry Etcher, 진공합착기, LCD Panel 검사장비, OLED용 진공합착기, MOCVD"
동양이엔피,079960,"전동기, 발전기 및 전기 변환 · 공급 · 제어 장치 제조업","휴대폰용,OA기기및통신장비용,디지털가전용전원공급장치"
제주반도체,080220,반도체 제조업,"모바일용 LP DDR SDRAM, CRAM, SRAM"
한창산업,079170,1차 비철금속 제조업,"아연말,리튬브로마이드,산화망간,인산아연"
디이엔티,079810,특수 목적용 기계 제조업,FPD공정검사장비
에스엔유,080000,특수 목적용 기계 제조업,"OLED증착장비, OLED봉지장비, LCD검사장비 등"
iMBC,052220,"자료처리, 호스팅, 포털 및 기타 인터넷 정보매개서비스업","디지털콘텐츠,웹에이젼시"
서산,079650,"시멘트, 석회, 플라스터 및 그 제품 제조업","레미콘,전주,고강도파일,흄관"
KMH하이텍,052900,플라스틱제품 제조업,TRAY(반도체Packing재료)
손오공,066910,"인형,장난감 및 오락용품 제조업","완구,게임,캐릭터수입수수료"
미래컴퍼니,049950,특수 목적용 기계 제조업,EdgeGrinder
아이크래프트,052460,"컴퓨터 프로그래밍, 시스템 통합 및 관리업","인터넷핵심망(CCR,MCR,NAS등)"
메가스터디,072870,"서적, 잡지 및 기타 인쇄물 출판업","온라인강의,교재판매"
케이에스피,073010,일반 목적용 기계 제조업,"선박용엔진밸브,형단조품"
KG모빌리언스,046440,소프트웨어 개발 및 공급업,유무선전화결제서비스
대주전자재료,078600,전자부품 제조업,PDP격벽재료등
텔레칩스,054450,반도체 제조업,"디지털미디어프로세서,발신자정보표시칩"
HB테크놀러지,078150,특수 목적용 기계 제조업,TFT-LCD검사장비
도이치모터스,067990,자동차 판매업,"자동공구교환기,가공전용기"
토비스,051360,영상 및 음향기기 제조업,Gaming모니터
태양씨앤엘,072520,전자부품 제조업,휴대폰윈도우
국일제지,078130,기타 종이 및 판지 제품 제조업,"산업용 및 가정용 지류(강판간지, 다공지 등)"
DMS,068790,특수 목적용 기계 제조업,LCD 제조장비
일경산업개발,078940,전기 및 통신 공사업,엘리베이터 레일
코아로직,048870,반도체 제조업,카메라 어플리케이션 프로세서(CAP)
신성델타테크,065350,가정용 기기 제조업,"세탁기, 자동차, 에어컨 및 LCD 부품"
한국경제TV,039340,텔레비전 방송업,"광고수입, 협찬수입"
다날,064260,소프트웨어 개발 및 공급업,모바일콘텐츠 및 유무선전화결제
형지I&C,011080,봉제의복 제조업,남성셔츠
휘닉스소재,050090,전자부품 제조업,"Metal Paste, Solder Ball"
코엔텍,029960,폐기물 처리업,산업폐기물 소각/매립처리
와이비엠넷,057030,교육지원 서비스업,"온라인교육, 수수료수입 등"
CS,065770,통신 및 방송 장비 제조업,"이동통신중계기, 위성방송(DMB)중계기(Gap-Filler)"
아미노로직스,074430,기타 전문 도매업,DVR용 영상처리 칩
한컴지엠디,077280,소프트웨어 개발 및 공급업,TFT-LCD용 ASIC
테라젠이텍스,066700,의약품 제조업,"Loading/Unloading System, PCB Bonding System"
디에이피,066900,전자부품 제조업,Build-Up PCB(인쇄회로기판)
한양디지텍,078350,반도체 제조업,메모리 모듈
동국알앤에스,075970,기타 비금속 광물제품 제조업,"내화물, 페라이트, 세라믹"
라이트론,069540,통신 및 방송 장비 제조업,"광가입자용 광송수신모듈, CATV/이동통신용 광부품"
디비케이,073190,가구 제조업,사무용 및 가정용 의자
삼진엘앤디,054090,전자부품 제조업,"몰드프레임, TFT-LCD BLU"
에스텍파마,041910,의약품 제조업,원료의약품
넥센테크,073070,자동차 부품 제조업,자동차용 와이어링 하네스
스포츠서울,039670,"서적, 잡지 및 기타 인쇄물 출판업",신문사업(스포츠ㆍ연예 전문 일간지)
세진티에스,067770,전자부품 제조업,TFT-LCD용 광기능성 시트
한솔인티큐브,070590,"컴퓨터 프로그래밍, 시스템 통합 및 관리업",기업통신 및 무선인터넷
삼원테크,073640,기타 금속가공제품 제조업,유압용 관이음쇠
에이티테크놀러지,073570,특수 목적용 기계 제조업,Wafer Burn In Test 장비
우주일렉트로,065680,전자부품 제조업,정보통신용 초정밀커넥터
토필드,057880,영상 및 음향기기 제조업,셋톱박스(디지털위성방송수신기)
아이리버,060570,영상 및 음향기기 제조업,휴대용 MP3 Player
아프리카TV,067160,소프트웨어 개발 및 공급업,미디어플랫폼
투윈글로벌,066410,"영화, 비디오물, 방송프로그램 제작 및 배급업",DVD타이틀
원익QnC,074600,유리 및 유리제품 제조업,석영유리가공제품
로체시스템즈,071280,"전동기, 발전기 및 전기 변환 · 공급 · 제어 장치 제조업",LCD 제조용 이송장비
에버다임,041440,특수 목적용 기계 제조업,"콘크리트펌프트럭, 중장비개량사업"
에스텍,069510,영상 및 음향기기 제조업,스피커 및 스피커시스템
오텍,067170,자동차 차체 및 트레일러 제조업,"냉동 및 내장탑차, 앰블란스"
키이스트,054780,"영화, 비디오물, 방송프로그램 제작 및 배급업",멀티미디어 SI
중앙백신,072020,기초 의약물질 및 생물학적 제제 제조업,동물용백신
휴비츠,065510,의료용 기기 제조업,"자동검안기, 자동렌즈미터"
우리산업홀딩스,072470,자동차 부품 제조업,HVAC ACTUATOR (자동차 공조장치 부품 등)
디지털대성,068930,일반 교습 학원,대성N스쿨 (교육 프랜차이즈)
코스온,069110,기타 화학제품 제조업,화장품
유아이디,069330,전자부품 제조업,STN LCD GLASS(연마)
티씨케이,064760,기타 비금속 광물제품 제조업,반도체 제조공정용 고순도 흑연제품
아모텍,052710,전자부품 제조업,"칩바리스터, 아몰퍼스코어"
웰크론,065950,직물직조 및 직물제품 제조업,"기능성 침구용품, 크리너, 필터, 방탄·방검복"
파워로직스,047310,"전동기, 발전기 및 전기 변환 · 공급 · 제어 장치 제조업",휴대폰 배터리 등 2차전지용 보호회로
신스타임즈,056000,소프트웨어 개발 및 공급업,MP3 Player
이라이콤,041520,전자부품 제조업,TFT-LCD용 Back Light Unit
큐브스,065560,기타 전문 도매업,지리정보 소프트웨어
홈캐스트,064240,영상 및 음향기기 제조업,디지털 셋톱박스
씨씨에스,066790,텔레비전 방송업,케이블TV서비스 및 초고속인터넷서비스
웹젠,069080,소프트웨어 개발 및 공급업,3D 온라인게임 '뮤(MU)'
대화제약,067080,의약품 제조업,"후로스판, 세파메칠 등"
우수AMS,066590,자동차 부품 제조업,"엔진, 조향 및 기아변속기 부품"
JW신약,067290,의약품 제조업,"매니큐어세트, 손톱깎이"
하츠,066130,가정용 기기 제조업,"레인지후드, 빌트인 기기 등"
SBS콘텐츠허브,046140,"영화, 비디오물, 방송프로그램 제작 및 배급업","컨텐츠, 프로젝트"
빅텍,065450,"측정, 시험, 항해, 제어 및 기타 정밀기기 제조업; 광학기기 제외",전자전시스템 장치류
탑엔지니어링,065130,특수 목적용 기계 제조업,LCD Cell Line 자동화 장치
이루온,065440,소프트웨어 개발 및 공급업,이동통신 핵심망 및 서비스망 솔루션 개발 공급
재영솔루텍,049630,"안경, 사진장비 및 기타 광학기기 제조업",플라스틱 사출금형
한국큐빅,021650,플라스틱제품 제조업,Curl Fit(표면처리사업)
인터플렉스,051370,전자부품 제조업,연성회로기판(Flexible PCB)
메디프론,065650,기계장비 및 관련 물품 도매업,음반재킷 제작
삼영이엔씨,065570,통신 및 방송 장비 제조업,"GMDSS장비, GPS플로터 등"
브레인콘텐츠,066980,기타 정보 서비스업,TFT-LCD용 광기능성 필름
리더스코스메틱,016100,기타 화학제품 제조업,화장품
바이오빌,065940,기초화학물질 제조업,"착색제, 잉크 등"
케이피엠테크,042040,기타 화학제품 제조업,"표면처리약품, 전자동 도금설비"
엘앤에프,066970,일차전지 및 축전지 제조업,TFT-LCD BLU(Back Light Unit)
디스플레이텍,066670,전자부품 제조업,LCD Module
와이오엠,066430,기타 전문 도매업,"VCI,LDPE필름 외"
초록뱀,047820,"영화, 비디오물, 방송프로그램 제작 및 배급업",방송프로그램 제작 및 공급
한양하이타오,064090,통신 및 방송 장비 제조업,CCTV CAMERA 등
쎌바이오텍,049960,기초 의약물질 및 생물학적 제제 제조업,유산균 원말 및 완제품
능률교육,053290,"서적, 잡지 및 기타 인쇄물 출판업",영어학습교재
바른전자,064520,반도체 제조업,"메모리 카드, 스마트 카드 등"
KG이니시스,035600,소프트웨어 개발 및 공급업,전자지불서비스
넥스트BT,065170,음·식료품 및 담배 도매업,건강보조식품 등
파라다이스,034230,유원지 및 기타 오락관련 서비스업,카지노
젬백스테크놀러지,041590,전자부품 제조업,액정표시장치(모듈)
새로닉스,042600,전자부품 제조업,"광학시트, FFC"
오리엔트정공,065500,자동차 부품 제조업,"하우징, 리테이너베어링"
퍼시픽바이오,060900,석유 정제품 제조업,석유 정제품 제조업
국보디자인,066620,실내건축 및 건축마무리 공사업,인테리어디자인
에스아이리소스,065420,석탄 광업,자카드직물
와이디온라인,052770,소프트웨어 개발 및 공급업,e-Business Solution & Service
필링크,064800,"컴퓨터 프로그래밍, 시스템 통합 및 관리업",Wap Gateway
리노스,039980,"섬유, 의복, 신발 및 가죽제품 소매업","TRS통신, Kipling Bag외"
현대아이비티,048410,컴퓨터 및 주변장치 제조업,"LCD모니터, 디지털 사이니지, 바이오 양모제"
에프티이앤이,065160,화학섬유 제조업,빙축열냉방시스템
에스피지,058610,"전동기, 발전기 및 전기 변환 · 공급 · 제어 장치 제조업",소형 Geared Motor
토탈소프트,045340,소프트웨어 개발 및 공급업,해운물류소프트웨어 (CATOS 등)
대진디엠피,065690,고무제품 제조업,고무 및 플라스틱제품 제조업
서호전기,065710,"전동기, 발전기 및 전기 변환 · 공급 · 제어 장치 제조업",항만크레인 구동전기장치
한프,066110,컴퓨터 및 주변장치 제조업,OPC Drum
서울리거,043710,그외 기타 제품 제조업,모바일 주변 기기류
홈센타홀딩스,060560,"시멘트, 석회, 플라스터 및 그 제품 제조업","건축자재,레미콘"
아비코전자,036010,통신 및 방송 장비 제조업,"전자저항기, 전자인덕터"
큐렉소,060280,기타 상품 전문 소매업,"만화단행본, 정기간행물"
제낙스,065620,1차 철강 제조업,"2차전지,금속섬유,스테인레스 와이어"
이그잭스,060230,전자부품 제조업,화학제품 및 전자재료
옴니텔,057680,소프트웨어 개발 및 공급업,"모바일방송, 모바일컨텐츠"
우원개발,046940,기반조성 및 시설물 축조관련 전문공사업,토공사
인선이엔티,060150,폐기물 처리업,건축폐기물처리
전파기지국,065530,전기통신업,공용기지국건설/관리
에프엔씨애드컬쳐,063440,기록매체 복제업,"추첨식복권 제조, 일반출판 인쇄, CD ·DVD 복제"
지어소프트,051160,소프트웨어 개발 및 공급업,"Mobile Solution & Platform, Internet GIS, Mobile Service"
지엔코,065060,봉제의복 제조업,"캐쥬얼의류(SPORT-REPLAY, Thursday Island)"
셀루메드,049180,기초 의약물질 및 생물학적 제제 제조업,"의료기기, 바이오시밀러 및 헬스케어사업"
KH바텍,060720,전자부품 제조업,"휴대폰부품(SHIELD, BRACKET)"
알에프텍,061040,통신 및 방송 장비 제조업,"핸드폰 충전기, 핸즈프리"
에스폴리텍,050760,플라스틱제품 제조업,유무선 통신용 소프트웨어
이랜텍,054210,전자부품 제조업,Battery Pack
라이브플렉스,050120,가정용품 도매업,"텐트, 원 ·부자재"
케이피티,054410,기타 금속가공제품 제조업,"Vacuum Treatment, Plasma Surface Treatment"
3S,060310,전자부품 제조업,반도체 웨이퍼 캐리어
화일약품,061250,의약품 제조업,의약품 원료
한진피앤씨,061460,플라스틱제품 제조업,"통기성필름, 판지상자인쇄"
오상자이엘,053980,"컴퓨터 프로그래밍, 시스템 통합 및 관리업",CATIA Solution
농우바이오,054050,작물 재배업,"고추, 수박, 참외(메론), 오이, 호박, 무, 배추 등"
케이엘넷,039420,전기통신업,EC/EDI
에스티아이,039440,특수 목적용 기계 제조업,"Chemical 중앙공급시스템(C.C.S.S), 세정·식각시스템"
잉크테크,049550,기타 화학제품 제조업,"잉크젯 프린터용 잉크카트리지, 재충전 잉크"
대한뉴팜,054670,의약품 제조업,"동물약품, 인체약품, 유아용품"
씨티씨바이오,060590,가정용품 도매업,"동물용항병원성제품, 생균효소제"
인탑스,049070,통신 및 방송 장비 제조업,휴대전화기용부품
KT서브마린,060370,전기 및 통신 공사업,해저케이블등의 건설 및 유지보수 업무
피씨디렉트,051380,기계장비 및 관련 물품 도매업,"스토리지(HDD), 프로세서(CPU), Memory, Monitor등"
현진소재,053660,기타 금속가공제품 제조업,선박용 엔진부품
구영테크,053270,자동차 부품 제조업,엔진 브라켓(Engine Bracket) 등
한국기업평가,034950,기타 사업지원 서비스업,"신용평가, 컨설팅, 위험관리솔루션"
뉴보텍,060260,플라스틱제품 제조업,"고강성 PVC DC, HDPE 등"
동양에스텍,060380,1차 철강 제조업,"열연박판, 열연후판, 무늬강판"
백금T&A,046310,통신 및 방송 장비 제조업,레이더디텍터
크레아플래닛,058530,특수 목적용 기계 제조업,"PCB생산 장비 제조(로더, 언로더, 레이업시스템 등)"
고려신용정보,049720,기타 사업지원 서비스업,"채권추심, 신용조사"
제일바이오,052670,의약품 제조업,동물사료첨가제
서울반도체,046890,반도체 제조업,"Display, Chip LED, Lamp"
아가방컴퍼니,013990,가정용품 도매업,유아용 의류 및 용품
일야,058450,통신 및 방송 장비 제조업,"컴퓨터, 복사기 등의 부품"
미코,059090,반도체 제조업,반도체 및 디스플레이 부품 제조
에스아이티글로벌,050320,기계장비 및 관련 물품 도매업,"중대형 서버, 시스템 S/W"
유신,054930,"건축기술, 엔지니어링 및 관련기술 서비스업",토목설계 및 감리
프럼파스트,035200,플라스틱제품 제조업,주택건설용 플라스틱 배관
한국컴퓨터,054040,전자부품 제조업,LCD Module용 부품
대동스틸,048470,1차 철강 제조업,"열연박판, 후판, 무늬강판 외"
레드로버,060300,"영화, 비디오물, 방송프로그램 제작 및 배급업","콘텐츠제작, 4D 시네마 시스템 및 영상관 구축, 3D융합, 3D HW, 3D SW, VR"
링네트,042500,"컴퓨터 프로그래밍, 시스템 통합 및 관리업",네트워크 구축(Network Integration)
엔알케이,054340,통신 및 방송 장비 제조업,이동전화단말기 케이스
제이웨이,058420,"영화, 비디오물, 방송프로그램 제작 및 배급업","VOD서비스, 대리운전프로그램"
큐로컴,040350,"컴퓨터 프로그래밍, 시스템 통합 및 관리업","시스템통합, 지능형교통시스템"
팬스타엔터프라이즈,054300,일반 목적용 기계 제조업,자동차 정비용 리프트
한빛소프트,047080,소프트웨어 개발 및 공급업,"게임(스타크래프트 등), 교육, 솔루션"
NHN한국사이버결제,060250,기타 정보 서비스업,전자결제서비스업
금강철강,053260,1차 철강 제조업,"냉연압연강판, 산세코일"
룽투코리아,060240,소프트웨어 개발 및 공급업,"CTI 콜센타, VoiceGood, WIN-CARD"
포스링크,056730,기타 전문 도매업,"석탄도매,통신공사외"
SKC 솔믹스,057500,전자부품 제조업,반도체용 파인세라믹제품
동아화성,041930,고무제품 제조업,자동차용 고무부품
비츠로시스,054220,"전동기, 발전기 및 전기 변환 · 공급 · 제어 장치 제조업","원방감시제어시스템, 분산제어시스템"
오리엔탈정공,014940,선박 및 보트 건조업,"조선해양구조물 및 조선해양기계품 제작,"
크로바하이텍,043590,반도체 제조업,"트랜스포머, 코일"
리노공업,058470,전자부품 제조업,"리노핀, 반도체 소켓 등"
성우테크론,045300,전자부품 제조업,"리드프레임가공, 반도체 장비"
에스에프에이,056190,특수 목적용 기계 제조업,"반도체, Display 제조설비 및 공장자동화기기"
신화인터텍,056700,플라스틱제품 제조업,디스플레이 BLU용 광학필름
엑사이엔씨,054940,실내건축 및 건축마무리 공사업,고주파고압변성기(FBT : Flyback Transformer)
평화정공,043370,자동차 부품 제조업,"자동차용 도어랫치, 도어힌지"
APS홀딩스,054620,특수 목적용 기계 제조업,인터넷 트래픽 솔루션
코위버,056360,통신 및 방송 장비 제조업,"가입가계 가입자계 광단국장치,SONs-51,OMS-155M,OCSU,E2 가입자 전송장비,SDS-2500 등"
성호전자,043260,전자부품 제조업,필름 콘덴서
리젠,038340,일차전지 및 축전지 제조업,"유류도소매,캐패시터,마스크팩"
레이젠,047440,전자부품 제조업,"BLU, LGP"
YW,051390,상품 종합 도매업,"이동통신중계시스템, 데이터네트웍장비, 광전송 장비"
삼영엠텍,054540,"구조용 금속제품, 탱크 및 증기발생기 제조업","구조용 특수장치, 교량부품"
이니텍,053350,소프트웨어 개발 및 공급업,정보보안 및 인증솔루션
에이디칩스,054630,기계장비 및 관련 물품 도매업,비메모리 반도체칩
유진로봇,056080,특수 목적용 기계 제조업,"청소로봇, 완구류외"
태웅,044490,기타 금속가공제품 제조업,자유형단조품
경남제약,053950,의약품 제조업,PCB 드릴가공
삼보모터스,053700,자동차 부품 제조업,증명서 자동발급기
포스코켐텍,003670,"시멘트, 석회, 플라스터 및 그 제품 제조업","염기성내화물, 협력작업수입"
한컴시큐어,054920,소프트웨어 개발 및 공급업,전자상거래 보안 솔루션
코미팜,041960,의약품 제조업,동물약품
프리엠스,053160,"전동기, 발전기 및 전기 변환 · 공급 · 제어 장치 제조업","건설기계용 전장, 네트워크 상품"
썬코어,051170,일반 목적용 기계 제조업,"오일레스베어링, 금형부품"
코나아이,052400,소프트웨어 개발 및 공급업,"전자화폐, 단말기, 수집/정산시스템"
중앙오션,054180,선박 및 보트 건조업,XML/SGML 관련 제품 및 솔루션
SGA,049470,소프트웨어 개발 및 공급업,"산업용컴퓨터 제조, 판매"
지에스이,053050,가스 제조 및 배관공급업,eBusiness 통합
팜스웰바이오,043090,기타 전문 도매업,"바이오리엑터(Bioreactor, 생물반응기)"
소리바다,053110,"자료처리, 호스팅, 포털 및 기타 인터넷 정보매개서비스업",수도용 및 원예용 상토
아이디스홀딩스,054800,"회사본부, 지주회사 및 경영컨설팅 서비스업",비금융지주회사
코데즈컴바인,047770,봉제의복 제조업,패션의류
안랩,053800,소프트웨어 개발 및 공급업,바이러스백신 프로그램
YTN,040300,"영화, 비디오물, 방송프로그램 제작 및 배급업",광고/협찬 및 프로그램 제작
CMG제약,058820,의약품 제조업,의약품
JYP Ent.,035900,오디오물 출판 및 원판 녹음업,오디오물 출판 및 원판 녹음 관련 제품
한국테크놀로지,053590,특수 목적용 기계 제조업,신재생에너지관련장비
KCC건설,021320,건물 건설업,"토목 건축공사, 분양공사"
세동,053060,자동차 부품 제조업,"도어벨트, 몰딩"
프로텍,053610,특수 목적용 기계 제조업,"Dispenser, Tray Feeder, 공압실린더"
액토즈소프트,052790,소프트웨어 개발 및 공급업,온라인 게임 및 모바일 게임
세코닉스,053450,"안경, 사진장비 및 기타 광학기기 제조업","CCD렌즈, 광PICK-UP렌즈"
바이넥스,053030,의약품 제조업,"정장제, 소화제"
오성엘에스티,052420,플라스틱제품 제조업,"LCD Aging System, LCD 신뢰성 분석장비"
태양,053620,기타 금속가공제품 제조업,"휴대용 부탄가스, 외주수탁품"
W홀딩컴퍼니,052300,기타 운송관련 서비스업,운송
에임하이,043580,전자부품 제조업,트랜지스터
유아이엘,049520,전자부품 제조업,휴대전화기용 Keypad
넥스트바이오홀딩스,051980,통신 및 방송 장비 제조업,"PC게임, 무선인터넷게임"
대원미디어,048910,"영화, 비디오물, 방송프로그램 제작 및 배급업","캐릭터 사업, 만화영화 제작"
CJ프레시웨이,051500,음·식료품 및 담배 도매업,"식자재유통, 단체급식"
파인디앤씨,049120,전자부품 제조업,Lamp Reflector
디지아이,043360,컴퓨터 및 주변장치 제조업,"잉크젯 플로터, 커팅 플로터"
코텍,052330,영상 및 음향기기 제조업,"Touch Screen Monitor, 산업용 CRT Monitor"
한네트,052600,전기통신업,"현금서비스, 예금인출"
에스티큐브,052020,전자부품 제조업,"전자부품, 정보통신기기, 지능형로봇외"
에이치엘비파워,043220,상품 종합 도매업,"발전설비 Damper, 전력설비 Busway"
서화정보통신,033790,통신 및 방송 장비 제조업,무선통신시스템용 중계기
큐로홀딩스,051780,음·식료품 및 담배 도매업,"DTIS, Probe Card, H.F PCB"
이에스에이,052190,창작 및 예술관련 서비스업,게임소프트웨어(창세기전시리즈)
나라엠앤디,051490,특수 목적용 기계 제조업,"금형,사출 및 판금부품"
트레이스,052290,전자부품 제조업,미들웨어(엔테라)
에코바이오,038870,건물설비 설치 공사업,"판매시점정보시스템(POS), 금전등록기"
에이텍,045660,컴퓨터 및 주변장치 제조업,
SK바이오랜드,052260,기타 화학제품 제조업,"천연물질 추출물, 미생물 배양제품"
대아티아이,045390,소프트웨어 개발 및 공급업,"EDMS(Enterprise Document Management System)-전사적문서관리시스템,KMS-지식경영시스템"
캠시스,050110,전자부품 제조업,"IN-LINE SYSTEM,CSP HANDLER,TRIM/FORM SYSTEM"
SFA반도체,036540,반도체 제조업,"반도체패키지(SOP,DIP,QFP)"
삼표시멘트,038500,기타 비금속 광물제품 제조업,"시스템통합(SI), 네트워크장비"
SM C&C,048550,"영화, 비디오물, 방송프로그램 제작 및 배급업","영상콘텐츠 제작 및 매니지먼트, 여행"
승일,049830,기타 금속가공제품 제조업,"에어졸캔,에어졸발브"
조광ILI,044060,일반 목적용 기계 제조업,"안전밸브,스팀트랩"
피에스엠씨,024850,전자부품 제조업,리드프레임
TPC,048770,일반 목적용 기계 제조업,"구동기기(실린더), 방향제어기(밸브)"
코메론,049430,"측정, 시험, 항해, 제어 및 기타 정밀기기 제조업; 광학기기 제외","줄자, 냉간압연"
로엔,016170,기록매체 복제업,"MC,CD"
삼화네트웍스,046390,"영화, 비디오물, 방송프로그램 제작 및 배급업","시스템통합(SI), 시스템유지(SM)"
성광벤드,014620,1차 철강 제조업,관이음쇠
유니더스,044480,고무제품 제조업,"콘돔,고무골무,의료용 장갑"
유라테크,048430,"전동기, 발전기 및 전기 변환 · 공급 · 제어 장치 제조업","점화코일, 스파크플러그"
삼현철강,017480,1차 철강 제조업,"후판,열연후판,산세판박,무늬강판,용단철강,형강외"
오픈베이스,049480,"컴퓨터 프로그래밍, 시스템 통합 및 관리업","트래픽솔루션(웹스위치,트래픽서버)"
KCI,036670,기타 화학제품 제조업,"폴리머,레진,계면활성제"
라온시큐어,042510,소프트웨어 개발 및 공급업,소프트웨어 개발 및 공급
오로라,039830,전문디자인업,"캐릭터디자인,캐릭터완구 등"
금화피에스시,036190,전기 및 통신 공사업,"설비,철물,전기,강구조물"
코다코,046070,자동차 부품 제조업,"Oil Pump, Throttle Body"
인바디,041830,의료용 기기 제조업,정밀 체성분 분석기
고려제약,014570,의약품 제조업,"하벤(종합감기약),뉴로메드(치매치료제)등 70여종"
크린앤사이언스,045520,"펄프, 종이 및 판지 제조업",자동차용 여과지
포스코 ICT,022100,"건축기술, 엔지니어링 및 관련기술 서비스업","SI(System Integration), DVR(Digital Video Recorder)"
이젠텍,033600,자동차 부품 제조업,김치냉장고부품
KD건설,044180,건물 건설업,몰드베이스(Mold Base)
이-글 벳,044960,기타 전문 도매업,"아바텍,아목사실린사 등"
아즈텍WB,032080,"섬유제품 염색, 정리 및 마무리 가공업",직물
오리콤,010470,광고업,광고대행
위닉스,044340,가정용 기기 제조업,일반목적용 기계제조업
르네코,042940,전기 및 통신 공사업,"정보통신망 구축, DVR, ITS, 기타방송장비 등"
엔피케이,048830,합성고무 및 플라스틱 물질 제조업,합성고무 및 플라스틱물질 제조업
삼천당제약,000250,의약품 제조업,"세프메타졸, 파클캅셀, 네틸마이신"
에이치케이,044780,특수 목적용 기계 제조업,레이저가공 절단기
정원엔시스,045510,"컴퓨터 프로그래밍, 시스템 통합 및 관리업","SI(시스템통합) 관련 소프트웨어, 중.대형 고속 레이져 프린터"
한양이엔지,045100,"건축기술, 엔지니어링 및 관련기술 서비스업",반도체배관설비
누리텔레콤,040160,소프트웨어 개발 및 공급업,"NASCenter2000(전산자원통합관리시스템),PowerAMR(자동원격검침장치)"
에쎈테크,043340,일반 목적용 기계 제조업,LPG밸브
국순당,043650,알콜음료 제조업,탁주 및 약주
엘컴텍,037950,전자부품 제조업,"BLU(Back Light Unit), CCM(Compact Camera Module), Display용 EL"
이오테크닉스,039030,특수 목적용 기계 제조업,레이저 마커 및 레이저 응용기기
서울제약,018680,의약품 제조업,"정제,연질캅셀제,경질캅셀제,연고 및 크림제 등"
텍셀네트컴,038540,"컴퓨터 프로그래밍, 시스템 통합 및 관리업",전자계전기(RELAY)
나노엔텍,039860,의료용 기기 제조업,의료기기 및 실험기기
파나진,046210,의료용품 및 기타 의약관련제품 제조업,의료용품및 기타 의약관련 제품 제조업
오공,045060,기타 화학제품 제조업,"접착제,씰란트,광택제,연마제"
솔고바이오,043100,의료용 기기 제조업,"가정용 온열치료기,의료기구"
현대정보기술,026180,"컴퓨터 프로그래밍, 시스템 통합 및 관리업",시스템통합(SI) 및 운영(SM)
비츠로테크,042370,"전동기, 발전기 및 전기 변환 · 공급 · 제어 장치 제조업","차단기, 개폐기"
코아시아홀딩스,045970,"회사본부, 지주회사 및 경영컨설팅 서비스업",디지털 컨텐츠 저작솔루션 판매 사업
정상제이엘에스,040420,일반 교습 학원,어학교육업
진양제약,007370,의약품 제조업,"소부날, 옥티란"
넥슨지티,041140,소프트웨어 개발 및 공급업,게임소프트웨어개발 공급
위노바,039790,기타 화학제품 제조업,"전자파장해 대책부품(쉴드폼, 디스펜싱개스켓 등)"
지니뮤직,043610,"자료처리, 호스팅, 포털 및 기타 인터넷 정보매개서비스업",유무선 음악포털서비스
진성티이씨,036890,특수 목적용 기계 제조업,트랙롤라. 플로팅 씰
현대통신,039010,통신 및 방송 장비 제조업,홈오토메이션 제조
삼아제약,009300,의약품 제조업,"노마에프, 아토크건조시럽, 코데날정, 코코시럽, 스마엘"
파루,043200,"전동기, 발전기 및 전기 변환 · 공급 · 제어 장치 제조업","온습도 조절기(에어쿨), 무인방제기(야호)"
에스씨디,042110,가정용 기기 제조업,전자렌지용 MOTOR 및 냉장고용 TIMER
한국정보공학,039740,기타 전문 도매업,"그룹웨어, 자료관리시스템"
디오,039840,의료용 기기 제조업,자동포장기계
네오위즈홀딩스,042420,"회사본부, 지주회사 및 경영컨설팅 서비스업",지주사업
다산네트웍스,039560,통신 및 방송 장비 제조업,네트워크 통신장비
바이오스마트,038460,전자부품 제조업,"M/S 카드제조업, IC 카드제조, 카드장비판매"
우리기술,032820,"전동기, 발전기 및 전기 변환 · 공급 · 제어 장치 제조업","시스템사업, 정보통신사업"
폭스브레인,039230,"측정, 시험, 항해, 제어 및 기타 정밀기기 제조업; 광학기기 제외","반도체 검사장비, TFT-LCD 검사장치& 검사장비"
안국약품,001540,의약품 제조업,"그랑파제, 토비콤-S"
골드퍼시픽,038530,가정용품 도매업,"주문형반도체, IMT-2000 Modem Chip 등"
세중,039310,여행사 및 기타 여행보조 서비스업,나모웹에디터
우리기술투자,041190,기타 금융업,창업자에 대한 투자 및 융자
HRS,036640,합성고무 및 플라스틱 물질 제조업,실리콘 컴파운드제품 제조
에스에이엠티,031330,기계장비 및 관련 물품 도매업,"반도체(메모리,비메모리), CPU, TFT-LCD, 네트웍 장비, PC 및 주변기기, 이동통신수탁사업"
NICE평가정보,030190,기타 정보 서비스업,"개인 및 기업정보,솔루션"
위즈코프,038620,연료 소매업,인터넷 인프라 및 응용
이건홀딩스,039020,"구조용 금속제품, 탱크 및 증기발생기 제조업",창호
파인디지털,038950,통신 및 방송 장비 제조업,"원격 RF 감시장치, 디지털 광 중계기, 노드분배기"
나이스정보통신,036800,전기통신업,카드 VAN사업
SG&G,040610,자동차 부품 제조업,생활정보신문
아이에이,038880,전자부품 제조업,자동차용 반도체
에스넷,038680,"컴퓨터 프로그래밍, 시스템 통합 및 관리업","네트워크장비 설치 및 납품, 유지보수"
에스엠,041510,오디오물 출판 및 원판 녹음업,"음반(CD,MC),연예 대리"
쌍용정보통신,010280,"컴퓨터 프로그래밍, 시스템 통합 및 관리업","시스템통합(SI),네트워크 설계 및 구축,시스템운영(SM)"
쎄니트,037760,1차 철강 제조업,스테인레스 냉연강판
대성미생물,036480,의약품 제조업,"동물용 의약품, 미생물제재"
에코플라스틱,038110,자동차 부품 제조업,BUMPER 및 자동차TRIM류
제이콘텐트리,036420,광고업,"신문, 피혁의류"
케이엠더블유,032500,통신 및 방송 장비 제조업,RF 부품 및 중계기
화성,039610,일반 목적용 기계 제조업,"가스밸브, 매몰용접용 볼밸브, 온수분배기"
경남스틸,039240,1차 철강 제조업,"냉연강판,아연도강판, 산세코일, 열연아연도금강판, 전기아연도금강판 등"
마크로젠,038290,"그외 기타 전문, 과학 및 기술 서비스업","DNA Sequencing, Microarray, Genetically Engineered Mouse"
희림,037440,"건축기술, 엔지니어링 및 관련기술 서비스업",설계 및 감리용역
레드캡투어,038390,여행사 및 기타 여행보조 서비스업,"S/W개발 및 공급, DB개발"
GS홈쇼핑,028150,텔레비전 방송업,CATV홈쇼핑
솔브레인,036830,기타 화학제품 제조업,"반도체,디스플레이,2차전지 공정용 화학제품"
에프에스티,036810,전자부품 제조업,"펠리클(반도체부품),칠러장비,반도체유통"
코맥스,036690,통신 및 방송 장비 제조업,"홈네트워크시스템,CCTV 방송설비"
EG,037370,기타 전문 도매업,"산화철, 대기수처리방지시설, 무역"
버추얼텍,036620,기타 전문 도매업,"고지유통, ERP시스템 운영"
성도이엔지,037350,"건축기술, 엔지니어링 및 관련기술 서비스업","반도체크린룸 시공, 반도체장비제조"
제일테크노스,038010,"구조용 금속제품, 탱크 및 증기발생기 제조업",DECK PKATE
무림SP,001810,"펄프, 종이 및 판지 제조업","아트지,CCP지"
세종텔레콤,036630,전기통신업,WLL/GPS/위성DMB/VoIP 단말기
심텍홀딩스,036710,"회사본부, 지주회사 및 경영컨설팅 서비스업",반도체용 인쇄회로기판
파세코,037070,가정용 기기 제조업,"석유스토브, 식기건조기,식기세척기"
영풍정밀,036560,일반 목적용 기계 제조업,"펌프, 벨브, 공사,주조 등"
이테크건설,016250,건물 건설업,"건축공사, 플랜트설비, 토목공사"
KTH,036030,전기통신업,"푸딩시리즈,아임IN 등 모바일서비스"
서희건설,035890,건물 건설업,"토목, 건축, 부동산임대업"
주성엔지니어링,036930,특수 목적용 기계 제조업,LP CVD
다우데이타,032190,기계장비 및 관련 물품 도매업,"NT SERVER, PC SERVER, 바이러스 백신프로그램, 그래픽 프로그램등"
동진쎄미켐,005290,기초화학물질 제조업,"반도체,LCD용재료(감광제,봉지제),발포제"
선광,003100,기타 운송관련 서비스업,"항만하역, 해사(바다모래)"
씨티엘,036170,반도체 제조업,"업반도체제조용자동온도조절장치,항온항습기"
영인프런티어,036180,기계장비 및 관련 물품 도매업,"무선통신,방송및응용장치제조업"
제이에스티나,026040,귀금속 및 장신용품 제조업,"주얼리,가죽제품,손목시계"
한국팩키지,037230,"골판지, 종이 상자 및 종이 용기 제조업",카톤팩
삼지전자,037460,통신 및 방송 장비 제조업,"통신기기,정보기기,BACKLIGHTUNIT사업"
우리조명,037400,전구 및 조명장치 제조업,"변환장치 제조업 백열전구, 형광등"
SK머티리얼즈,036490,기초화학물질 제조업,"반도체 및 디스플레이용 특수가스(NF3, SiH4, WF6 등)"
네패스,033640,반도체 제조업,반도체및TFT-LCD용현상액
인지디스플레,037330,전자부품 제조업,"TFT-LCDCHASSIS,TFT-LCDLAMPREFLECTOR,ICLEADFRAME,TRLEADFRAME"
위지트,036090,특수 목적용 기계 제조업,LCD 반도체
유니셈,036200,특수 목적용 기계 제조업,반도체장비(DryGasScrubber)
유성티엔에스,024800,육상 여객 운송업,"운송,C형강,차량정비"
이매진아시아,036260,"영화, 비디오물, 방송프로그램 제작 및 배급업",연예인 매니지먼트
코리아나,027050,기타 화학제품 제조업,화장품
SCI평가정보,036120,기타 사업지원 서비스업,"채권추심,신용평가,신용조회"
에이원앤,035290,"서적, 잡지 및 기타 인쇄물 출판업","방과후컴퓨터상설반,교재및CD"
서울전자통신,027040,"전동기, 발전기 및 전기 변환 · 공급 · 제어 장치 제조업","전자변성기, 무역업(트랜스포머자재)"
대성창투,027830,투자기관,투자서비스
예림당,036000,"서적, 잡지 및 기타 인쇄물 출판업",무선가입자망 단말기 및 차량용핸즈프리
CJ오쇼핑,035760,텔레비전 방송업,"의류, 생활주방, 가전제품, 보석, 기타"
이지바이오,035810,동물용 사료 및 조제식품 제조업,발효식품
기산텔레콤,035460,통신 및 방송 장비 제조업,"광모듈, 에코 켄슬러, 중계기, VoIP Server등"
마제스타,035480,유원지 및 기타 오락관련 서비스업,카지노
카카오,035720,"자료처리, 호스팅, 포털 및 기타 인터넷 정보매개서비스업",인터넷 서비스(인터넷 광고)
바른손이앤에이,035620,소프트웨어 개발 및 공급업,게임 개발 및 서비스
솔본,035610,"회사본부, 지주회사 및 경영컨설팅 서비스업",인터넷전화 서비스 및 00770 국제전화서비스
시공테크,020710,전문디자인업,"전시,영상,테마파크,멀티미디어관련업"
신일제약,012790,의약품 제조업,투어펜플라스타
조아제약,034940,의약품 제조업,"의약품,의약부외품,보건보조식품,위생용품의제조판매"
인성정보,033230,"컴퓨터 프로그래밍, 시스템 통합 및 관리업",넷트워크 관련 장비 및 솔루션
인터파크홀딩스,035080,"회사본부, 지주회사 및 경영컨설팅 서비스업",지주회사
동국산업,005160,1차 철강 제조업,"철강무역,강판제품제조"
매일유업,005990,낙농제품 및 식용빙과류 제조업,유제품
해성산업,034810,부동산 임대 및 공급업,시설관리 용역 및 부동산 임대
녹십자셀,031390,기초 의약물질 및 생물학적 제제 제조업,항암세포치료제
코리드,033430,기타 전문 도매업,몰리브덴 등
한국정보통신,025770,전기통신업,신용카드조회기
파라텍,033540,특수 목적용 기계 제조업,소방기기
동성화인텍,033500,기초화학물질 제조업,초저온 보냉재
드래곤플라이,030350,소프트웨어 개발 및 공급업,온라인게임
디케이디앤아이,033310,기타 금속가공제품 제조업,산업용자동제어반기기
엠케이전자,033160,전자부품 제조업,반도체용세금선
제이씨현시스템,033320,기계장비 및 관련 물품 도매업,"메인보드, 그래픽카드"
포스코엠텍,009520,1차 철강 제조업,대강등포장재료
스페코,013810,특수 목적용 기계 제조업,아스팔트믹싱플랜트
좋은사람들,033340,봉제의복 제조업,패션내의
모아텍,033200,전자부품 제조업,위치제어용초정및소형모터
코웰패션,033290,의복 액세서리 제조업,"콘덴서,저항기"
코콤,015710,통신 및 방송 장비 제조업,비디오도어폰
이디,033110,"측정, 시험, 항해, 제어 및 기타 정밀기기 제조업; 광학기기 제외",전자계측기
제룡전기,033100,"전동기, 발전기 및 전기 변환 · 공급 · 제어 장치 제조업","송배전용금구류,변압기"
제이엠아이,033050,기록매체 복제업,CD복제품
디지틀조선,033130,"자료처리, 호스팅, 포털 및 기타 인터넷 정보매개서비스업",위성서비스
바이온,032980,음·식료품 및 담배 도매업,"배너,타포린,화장품,자동차부품"
와이지-원,019210,기타 금속가공제품 제조업,"엔드밀, 탭, 드릴"
특수건설,026150,토목 건설업,보링
하림홀딩스,024660,"회사본부, 지주회사 및 경영컨설팅 서비스업",비금융지주회사
아이즈비전,031310,무점포 소매업,"홈쇼핑(아이즈홈쇼핑), 국제전화(아이즈텔), 가정용유무선 전화기판매(TopPhone)"
동일기연,032960,전자부품 제조업,EMI
소프트센,032680,기계장비 및 관련 물품 도매업,전산기기 및 정보통신공사
원익,032940,기계장비 및 관련 물품 도매업,반도체용석영
원풍물산,008290,봉제의복 제조업,남성용신사복
삼진,032750,통신 및 방송 장비 제조업,리모트컨트롤러
GMR 머티리얼즈,032860,금속 및 비금속 원료 재생업,철스크랩
비트컴퓨터,032850,소프트웨어 개발 및 공급업,의료정보시스템
엠젠플러스,032790,기계장비 및 관련 물품 도매업,"Bio 이종장기 사업, ICT 프린터 현상기"
판타지오,032800,창작 및 예술관련 서비스업,교육서비스
유비케어,032620,소프트웨어 개발 및 공급업,"의사랑,유팜,미소몰"
피델릭스,032580,반도체 제조업,PSRAM 및 LPSDRAM
TJ미디어,032540,영상 및 음향기기 제조업,영상음향반주기
휴맥스홀딩스,028080,"회사본부, 지주회사 및 경영컨설팅 서비스업",위성방송수신기
삼일,032280,도로 화물 운송업,운송및하역수입
뉴인텍,012340,전자부품 제조업,콘덴서
오스템,031510,자동차 부품 제조업,휠
C&S자산관리,032040,기타 사업지원 서비스업,경비
에스마크,030270,방적 및 가공사 제조업,"면사,혼방사,코마사"
엔에스엔,031860,상품 종합 도매업,FLC
피에스케이,031980,특수 목적용 기계 제조업,감광액제거기
세보엠이씨,011560,건물설비 설치 공사업,"건설관련설비, ACESS FLOOR , 소음기 , CHAMMBER , PFP UNIT, BY-PASS UNIT , DUCT , 철구조물 ."
한일단조,024740,자동차 부품 제조업,단조품
양지사,030960,인쇄 및 인쇄관련 산업,다이어리
보타바이오,026260,상품 종합 도매업,컴퓨터VGA보드
원익홀딩스,030530,특수 목적용 기계 제조업,가스캐비닛
한글과컴퓨터,030520,소프트웨어 개발 및 공급업,오피스소프트웨어
메이슨캐피탈,021880,기타 금융업,리스수입
대호피앤씨,021040,1차 철강 제조업,냉간압조용선재
바른테크놀로지,029480,통신 및 방송 장비 제조업,"네트워크 통합사업,네트워크 장비, 光 전송장비, S/W 제조, 네트워크관리"
스페로 글로벌,028040,기타 비금속 광물제품 제조업,규사
에이치엘비,028300,선박 및 보트 건조업,"각종 산업용 밸브류, 제지·제철용기계,기타 특수목적용 산업기계"
팜스토리,027710,동물용 사료 및 조제식품 제조업,사료
삼보판지,023600,"펄프, 종이 및 판지 제조업","골판지,골판지상자"
삼목에스폼,018310,"구조용 금속제품, 탱크 및 증기발생기 제조업","유로폼,갱폼,알루미늄폼,특수폼,유리온실사업"
에이스침대,003800,가구 제조업,침대
원익큐브,014190,기타 전문 도매업,"이에이엠, 2-헤마, 비에이엠, 엠엠에이, 아스팔트슁글"
리드코프,012700,기타 전문 도매업,화공약품운반
유니슨,018000,일반 목적용 기계 제조업,"납면진받침, 탄성받침·포트받침, 신축이음장치, 소음·진동 방진제품, 파이프행거·서포트"
에머슨퍼시픽,025980,스포츠 서비스업,양가죽원단
광진실업,026910,1차 철강 제조업,마봉
인터엠,017250,영상 및 음향기기 제조업,음향기기
성우하이텍,015750,자동차 부품 제조업,자동차범퍼
대신정보통신,020180,"컴퓨터 프로그래밍, 시스템 통합 및 관리업","금융S/W, OKnet, DS-NET, Output 솔루션"
서부T&D,006730,상품 종합 도매업,석유류판매
동신건설,025950,토목 건설업,토목
동화기업,025900,나무제품 제조업,"PB, MDF, 표면재,온돌마루, 창호, 도어 등"
신라에스지,025870,수산물 가공 및 저장 처리업,수산물도매
케이씨피드,025880,동물용 사료 및 조제식품 제조업,사료
한탑,002680,"곡물가공품, 전분 및 전분제품 제조업","소맥분(밀가루),배합사료"
한국선재,025550,1차 철강 제조업,철강선재류
대성엘텍,025440,영상 및 음향기기 제조업,카멀티미디어 및 TFT-LCD 부품제조..
시노펙스,025320,전자부품 제조업,"방청지,방수지,필터"
PN풍년,024940,기타 금속가공제품 제조업,압력솥
삼천리자전거,024950,가정용품 도매업,자전거
보령메디앙스,014100,기타 화학제품 제조업,"누크, 비비생활용품, 비앙또마망, 지에닉, 닥터 아토피스"
갑을메탈,024840,1차 비철금속 제조업,모터코어
경창산업,024910,자동차 부품 제조업,"각종 케이블, 개폐랫치, 리저브탱크, 밴드류, 페달류, 오토트랜스미션부품, 시트용 단품"
대륙제관,004780,기타 금속가공제품 제조업,휴대용부탄가스 및 금속포장용기
동원개발,013120,건물 건설업,도급공사
세원물산,024830,자동차 부품 제조업,라디에이터서포터
이화전기,024810,"전동기, 발전기 및 전기 변환 · 공급 · 제어 장치 제조업",무정전전원장치
케이피에프,024880,기타 금속가공제품 제조업,볼트류
KB오토시스,024120,자동차 부품 제조업,브레이크패드
신원종합개발,017000,건물 건설업,토건
흥구석유,024060,기타 전문 도매업,휘발유등
대한약품,023910,의약품 제조업,수액제
아트라스BX,023890,일차전지 및 축전지 제조업,축전지
이화공영,001840,건물 건설업,도급공사
풍국주정,023900,알콜음료 제조업,발효주정
대림제지,017650,기타 종이 및 판지 제품 제조업,골판지원지
대한광통신,010170,절연선 및 케이블 제조업,광섬유
동일철강,023790,1차 철강 제조업,찬넬
플레이위드,023770,소프트웨어 개발 및 공급업,게임소프트웨어
한국캐피탈,023760,기타 금융업,리스수수료
한일사료,005860,동물용 사료 및 조제식품 제조업,배합사료
서연전자,012860,자동차 부품 제조업,"스마트키,스위치"
CNH,023460,투자기관,투자자문
국영지앤엠,006050,유리 및 유리제품 제조업,강화유리
아이이,023430,기타 전문 도매업,벽지
유진기업,023410,"시멘트, 석회, 플라스터 및 그 제품 제조업",레미콘
제일제강,023440,1차 철강 제조업,"연강선재, 경강선재, CHQ외"
보성파워텍,006910,"구조용 금속제품, 탱크 및 증기발생기 제조업",송배전용자재
지엠피,018290,컴퓨터 및 주변장치 제조업,라미네이팅필름
태광,023160,1차 철강 제조업,"각종 배관자재, 관이음쇠류 제조 및 판매,발전기부품 및 판매업,반도체장비 제조업 및 무역도매"
영신금속,007530,기타 금속가공제품 제조업,"볼트, 나사"
신라섬유,001000,부동산 임대 및 공급업,부동산
원일특강,012620,1차 철강 제조업,특수강
서한,011370,건물 건설업,"건축, 토목"
바른손,018700,음식점업,지제품
부방,014470,"회사본부, 지주회사 및 경영컨설팅 서비스업","수정진동자, 수정발진기, 전기보온밥솥 등"
대명코퍼레이션,007720,상품 종합 도매업,"부동산 임대, 매매"
대양제지,006580,"펄프, 종이 및 판지 제조업",골판지원지
유니크,011320,자동차 부품 제조업,"EGR밸브, 유압솔레노이드밸브, 퓨얼벤트밸브, 퓨얼컷트밸브, 체크밸브, 케니스타 등"
진로발효,018120,알콜음료 제조업,주정
청보산업,013720,자동차 부품 제조업,엔진부품
삼보산업,009620,1차 비철금속 제조업,알미늄괴
푸드웰,005670,"과실, 채소 가공 및 저장 처리업","깐밤, 통조림류, 딸기시럽류, 음료제품 등"
푸른저축은행,007330,은행 및 저축기관,대출이자
피제이전자,006140,의료용 기기 제조업,EMS Business(의료용기기제조외)
그랜드백화점,019010,종합 소매업,"백화점, 할인점"
엠에스씨,009780,기타 식품 제조업,식품첨가물
데코앤이,017680,봉제의복 제조업,숙녀복
행남생활건강,008800,도자기 및 기타 요업제품 제조업,자기
대동금속,020400,금속 주조업,"농기계 주문제품 및 상용차 실린더 헤드, 경승용차 실린더 브록 외"
광림,014200,자동차용 엔진 및 자동차 제조업,"전기공사용, 운송용, 환경용 특수차량 및 건설용 장비인 유압크레인을 생산·판매하는 제조업체"
대원산업,005710,자동차 부품 제조업,자동차시트
큐캐피탈,016600,기타 금융업,벤처투자
한국가구,004590,가정용품 도매업,소파
포비스티앤씨,016670,기타 전문 도매업,"h/w,s/w개발"
중앙에너비스,000440,기타 전문 도매업,석유류도소매
삼륭물산,014970,"골판지, 종이 상자 및 종이 용기 제조업",카톤팩
경동제약,011040,의약품 제조업,"로사졸정, 시사프렌정, 디로핀정, 타론정.주"
원풍,008370,플라스틱제품 제조업,합성수지
네이처셀,007390,비알콜음료 및 얼음 제조업,잔치집식혜
삼일기업공사,002290,건물 건설업,도급공사
일지테크,019540,자동차 부품 제조업,"차체(라지에타, 팩케이지, 씨트 크로스, 대쉬 판넬)"
한일화학,007770,기초화학물질 제조업,산화아연
한국알콜,017890,기타 화학제품 제조업,주정
대주산업,003310,동물용 사료 및 조제식품 제조업,배합사료
글로본,019660,상품 종합 도매업,벤처캐피탈
세명전기,017510,기타 금속가공제품 제조업,"154kV, 345kV, 765kV 송전,변전,배전용 금구류, 섬유직기용 섹셔날 빔"
에이티넘인베스트,021080,투자기관,벤처캐피탈
대동기어,008830,특수 목적용 기계 제조업,"기어, 베벨기어, 축, 엑셀, T/M, 유성감속기, 기타조립품"
피에스텍,002230,"측정, 시험, 항해, 제어 및 기타 정밀기기 제조업; 광학기기 제외",자동차부품
코센,009730,1차 철강 제조업,"스테인리스파이프, 선박용배관제작"
카스,016920,기계장비 및 관련 물품 도매업,"전자저울,로드셀"
하이록코리아,013030,1차 철강 제조업,관이음쇠
SBI인베스트먼트,019550,투자기관,벤처캐피탈
엠벤처투자,019590,투자기관,벤처캐피탈
제미니투자,019570,투자기관,벤처캐피탈
모헨즈,006920,"시멘트, 석회, 플라스터 및 그 제품 제조업",레미콘